Rwanda,89.98
Rwanda,89.98
Madagascar,89.98
Burundi,89.97
Burundi,89.97
Sudan,89.96
Senegal,89.96
Eswatini,89.94
Niger,89.89
Niger,89.89
Gambia,89.84
Zambia,89.81
Morocco,89.79
Nigeria,89.78
Guinea,89.77
Congo,89.71
Gabon,89.7
Sudan,89.69
Sudan,89.69
Central African Republic,89.69
Senegal,89.62
Algeria,89.6
Cabo Verde,89.58
Senegal,89.56
Angola,89.55
Eswatini,89.52
Burundi,89.49
Mali,89.45
Togo,89.42
South Sudan,89.42
Angola,89.42
South Sudan,89.41
Liberia,89.36
Mauritania,89.35
Gambia,89.35
Nigeria,89.34
Sao Tome and Principe,89.32
Sao Tome and Principe,89.32
Mauritius,89.29
Zambia,89.28
Benin,89.26
Senegal,89.25
Kenya,89.23
Guinea,89.2
Cameroon,89.2
Rwanda,89.18
South Africa,89.17
Equatorial Guinea,89.17
Mali,89.15
Zambia,89.14
Lesotho,89.14
Cabo Verde,89.13
Cameroon,89.1
Chad,89.09
Congo,89.07
Chad,89.05
Niger,89.02
Mauritius,89.02
Mauritania,89.02
Madagascar,88.99
Gambia,88.98
Sudan,88.97
Namibia,88.95
Morocco,88.95
Central African Republic,88.93
Eswatini,88.89
Benin,88.88
Libya,88.86
Zimbabwe,88.83
Zimbabwe,88.83
Uganda,88.81
Uganda,88.81
Guinea-Bissau,88.77
South Sudan,88.76
South Sudan,88.76
Seychelles,88.74
Niger,88.73
Central African Republic,88.73
Cameroon,88.72
Zimbabwe,88.7
Libya,88.7
Congo,88.69
Seychelles,88.68
Guinea,88.66
Burkina Faso,88.64
Guinea-Bissau,88.63
Guinea-Bissau,88.63
Ivory Coast,88.62
Burundi,88.61
Algeria,88.61
Burkina Faso,88.59
Djibouti,88.57
Togo,88.56
Sao Tome and Principe,88.55
Ghana,88.53
Ghana,88.53
Comoros,88.5
Gambia,88.49
Burkina Faso,88.48
Burkina Faso,88.47
Ivory Coast,88.45
Guinea,88.43
Guinea,88.43
Equatorial Guinea,88.43
Ghana,88.38
Sierra Leone,88.37
Mozambique,88.37
Democratic Republic of the Congo,88.36
Mozambique,88.35
Liberia,88.34
Botswana,88.33
Zambia,88.28
Uganda,88.27
Democratic Republic of the Congo,88.27
Gabon,88.25
Namibia,88.23
Senegal,88.2
Comoros,88.18
Chad,88.18
Zimbabwe,88.16
Senegal,88.15
Guinea,88.15
Mozambique,88.13
Nigeria,88.11
Morocco,88.11
Morocco,88.11
Burkina Faso,88.11
Democratic Republic of the Congo,88.09
Democratic Republic of the Congo,88.09
Democratic Republic of the Congo,88.09
Tanzania,88.08
Congo,88.08
South Africa,88.07
Guinea,88.06
Comoros,88.06
Egypt,88.03
Tanzania,88.01
Mozambique,88.0
Djibouti,87.95
Congo,87.95
Tanzania,87.94
Nigeria,87.92
Morocco,87.92
Comoros,87.92
Liberia,87.9
Egypt,87.9
Egypt,87.9
Madagascar,87.85
Liberia,87.85
Liberia,87.85
Lesotho,87.84
Angola,87.84
Libya,87.81
Libya,87.81
Libya,87.81
Mali,87.79
Mauritius,87.78
Cabo Verde,87.78
Malawi,87.75
Botswana,87.75
Malawi,87.74
Eswatini,87.74
Benin,87.74
Niger,87.73
Namibia,87.7
Namibia,87.7
Senegal,87.67
Democratic Republic of the Congo,87.66
Gabon,87.64
Equatorial Guinea,87.64
Cameroon,87.64
Ghana,87.62
Ethiopia,87.6
Malawi,87.52
Niger,87.5
Kenya,87.48
Cameroon,87.48
Angola,87.48
Somalia,87.46
Botswana,87.46
Niger,87.45
Tanzania,87.43
Malawi,87.43
Comoros,87.4
Comoros,87.4
Namibia,87.39
Madagascar,87.38
Chad,87.36
Chad,87.36
Cameroon,87.35
Malawi,87.33
Ivory Coast,87.33
Burundi,87.32
Namibia,87.31
Democratic Republic of the Congo,87.29
Libya,87.26
Comoros,87.26
Cabo Verde,87.24
Mauritius,87.2
Madagascar,87.13
Ethiopia,87.06
Ethiopia,87.06
Liberia,87.05
Liberia,87.05
Liberia,87.05
Ethiopia,87.04
Democratic Republic of the Congo,87.0
Mali,86.99
Mali,86.99
Algeria,86.95
Morocco,86.93
Sudan,86.92
Morocco,86.89
Tanzania,86.85
Guinea-Bissau,86.85
Guinea,86.85
Guinea,86.85
Guinea,86.85
Mali,86.83
Gambia,86.82
Liberia,86.78
Gabon,86.78
Namibia,86.77
Tunisia,86.76
Namibia,86.74
Cabo Verde,86.74
Cabo Verde,86.74
Cabo Verde,86.74
Burkina Faso,86.71
Liberia,86.69
Comoros,86.64
Central African Republic,86.63
Guinea-Bissau,86.56
Guinea-Bissau,86.56
Guinea-Bissau,86.56
Gabon,86.56
Sao Tome and Principe,86.55
Sao Tome and Principe,86.55
Kenya,86.55
Malawi,86.54
Botswana,86.53
Burundi,86.52
Liberia,86.48
Kenya,86.47
Rwanda,86.44
Tanzania,86.43
Sao Tome and Principe,86.42
Ivory Coast,86.4
Ivory Coast,86.4
Comoros,86.4
Comoros,86.4
Comoros,86.4
Malawi,86.39
Ghana,86.38
Ethiopia,86.35
Sudan,86.34
Guinea,86.34
Djibouti,86.33
Guinea,86.32
Madagascar,86.31
Madagascar,86.31
South Sudan,86.3
South Sudan,86.3
Libya,86.3
Burundi,86.3
Niger,86.29
Cameroon,86.29
South Sudan,86.19
South Sudan,86.19
Eswatini,86.19
Eswatini,86.19
Angola,86.18
Benin,86.17
Mauritius,86.16
Sudan,86.13
Gabon,86.07
Angola,86.07
Cameroon,86.06
Senegal,86.04
Eswatini,86.04
South Sudan,86.02
Ethiopia,85.99
Algeria,85.98
Liberia,85.92
Zambia,85.91
Somalia,85.85
Eritrea,85.85
Liberia,85.84
Mali,85.83
Mali,85.83
Morocco,85.82
Liberia,85.82
South Africa,85.81
Niger,85.81
Mauritius,85.8
Malawi,85.78
Sudan,85.77
Sudan,85.77
Malawi,85.73
Guinea,85.69
Tunisia,85.68
Sao Tome and Principe,85.64
Niger,85.64
Namibia,85.63
Lesotho,85.63
Cameroon,85.6
Somalia,85.59
Sierra Leone,85.58
Tanzania,85.57
Malawi,85.56
Malawi,85.56
Nigeria,85.54
Gabon,85.53
Ivory Coast,85.5
Ivory Coast,85.5
Kenya,85.47
Somalia,85.45
Somalia,85.45
South Africa,85.44
Egypt,85.44
Tunisia,85.41
Morocco,85.39
South Africa,85.38
Central African Republic,85.35
Zambia,85.32
Ivory Coast,85.32
Niger,85.3
Eritrea,85.28
Congo,85.25
Congo,85.25
Guinea-Bissau,85.22
Cameroon,85.21
Cameroon,85.21
Mozambique,85.18
Ghana,85.18
Guinea-Bissau,85.17
Guinea-Bissau,85.17
Guinea-Bissau,85.17
Zambia,85.16
Cabo Verde,85.16
Zimbabwe,85.14
Zimbabwe,85.14
Sao Tome and Principe,85.14
Mauritius,85.1
Tanzania,85.09
Guinea,85.06
Nigeria,85.04
Nigeria,85.04
Nigeria,85.04
Morocco,84.99
Zambia,84.98
Cabo Verde,84.96
Chad,84.94
Sudan,84.93
Tanzania,84.91
Madagascar,84.89
Madagascar,84.89
South Sudan,84.87
South Sudan,84.87
Comoros,84.87
Nigeria,84.86
Mali,84.85
Sierra Leone,84.84
Eritrea,84.83
Djibouti,84.83
Botswana,84.8
Seychelles,84.79
Seychelles,84.79
Tanzania,84.77
Niger,84.69
Zimbabwe,84.68
Namibia,84.65
Namibia,84.65
Sudan,84.64
Seychelles,84.63
Comoros,84.63
Comoros,84.63
Mozambique,84.62
Guinea,84.62
Cabo Verde,84.61
Senegal,84.57
South Africa,84.56
Madagascar,84.56
Guinea,84.56
Eritrea,84.53
Mauritius,84.51
Mauritius,84.51
Tanzania,84.49
Mozambique,84.48
Zambia,84.43
Zambia,84.43
Malawi,84.43
Botswana,84.43
Gambia,84.4
Rwanda,84.39
Mozambique,84.37
Mozambique,84.37
Angola,84.37
Tunisia,84.34
Zimbabwe,84.33
Zimbabwe,84.33
Botswana,84.33
Senegal,84.32
Togo,84.26
Zimbabwe,84.22
Egypt,84.21
Egypt,84.21
Sierra Leone,84.2
Burundi,84.2
Burundi,84.2
Nigeria,84.19
Liberia,84.18
South Africa,84.16
Democratic Republic of the Congo,84.16
Chad,84.16
Zimbabwe,84.13
Cabo Verde,84.1
Cabo Verde,84.1
Togo,84.09
Eritrea,84.07
Comoros,84.06
Central African Republic,84.05
Central African Republic,84.05
Burundi,84.02
Sierra Leone,84.01
Sierra Leone,84.01
Comoros,84.01
Sierra Leone,84.0
Kenya,84.0
Tunisia,83.96
Mauritania,83.96
Democratic Republic of the Congo,83.96
Rwanda,83.95
Angola,83.95
Sao Tome and Principe,83.93
Burkina Faso,83.91
Burkina Faso,83.91
Algeria,83.89
Guinea-Bissau,83.88
Guinea-Bissau,83.88
Botswana,83.87
Equatorial Guinea,83.84
South Africa,83.8
Mauritania,83.78
Mali,83.76
Mali,83.76
Eswatini,83.76
Central African Republic,83.73
Central African Republic,83.73
South Sudan,83.72
Libya,83.71
South Africa,83.67
South Africa,83.67
Democratic Republic of the Congo,83.67
Equatorial Guinea,83.65
Sierra Leone,83.62
Burundi,83.62
Tanzania,83.61
Tanzania,83.61
Togo,83.55
Democratic Republic of the Congo,83.53
Sao Tome and Principe,83.52
Democratic Republic of the Congo,83.49
Mauritania,83.46
Namibia,83.44
Morocco,83.43
Morocco,83.43
Comoros,83.43
Sudan,83.39
Lesotho,83.39
Guinea,83.39
Eswatini,83.39
Tunisia,83.35
Tunisia,83.35
Malawi,83.34
Malawi,83.34
Malawi,83.34
Burundi,83.34
Eswatini,83.33
Rwanda,83.3
Eswatini,83.29
Niger,83.19
Sudan,83.17
Eswatini,83.14
Zambia,83.12
Zambia,83.12
Sierra Leone,83.11
Seychelles,83.11
Togo,83.1
Zambia,83.07
Rwanda,83.07
Djibouti,83.07
Ethiopia,83.05
Mauritania,83.04
Nigeria,83.03
Nigeria,83.03
Mauritius,83.03
Mauritius,83.03
Tunisia,83.02
South Sudan,83.01
Togo,83.0
Angola,82.97
Zimbabwe,82.95
Zambia,82.94
Mozambique,82.94
Sierra Leone,82.92
Sierra Leone,82.92
Mauritius,82.91
Mauritania,82.91
Libya,82.91
South Africa,82.89
Niger,82.89
Liberia,82.88
Liberia,82.88
Gambia,82.86
Gambia,82.86
Nigeria,82.85
Seychelles,82.82
Uganda,82.81
Ethiopia,82.81
Ethiopia,82.81
South Africa,82.77
Mauritania,82.76
Algeria,82.76
Seychelles,82.74
Eswatini,82.73
Eswatini,82.73
Burundi,82.71
Sudan,82.68
Benin,82.64
Algeria,82.63
South Africa,82.59
Zambia,82.57
Zambia,82.57
Tanzania,82.57
Malawi,82.57
Guinea-Bissau,82.57
Tanzania,82.54
Chad,82.53
Somalia,82.51
Eswatini,82.51
Kenya,82.5
Nigeria,82.49
Gabon,82.48
Gabon,82.48
Ghana,82.44
Zambia,82.4
Madagascar,82.4
Cabo Verde,82.4
South Sudan,82.37
Gambia,82.37
Egypt,82.36
Tunisia,82.3
Cameroon,82.29
Sudan,82.28
Kenya,82.25
Ivory Coast,82.23
Djibouti,82.23
South Africa,82.2
Mozambique,82.2
Angola,82.18
Cabo Verde,82.13
Togo,82.12
Gambia,82.1
Congo,82.09
Congo,82.09
Gabon,82.08
Tanzania,82.06
Sao Tome and Principe,82.03
Gabon,82.01
Somalia,82.0
Somalia,82.0
Somalia,82.0
Somalia,82.0
Mauritania,81.98
Liberia,81.95
Niger,81.94
Mozambique,81.89
Comoros,81.89
Eritrea,81.88
Libya,81.86
Chad,81.86
Zimbabwe,81.84
Zimbabwe,81.83
Gabon,81.83
Democratic Republic of the Congo,81.81
Lesotho,81.79
Egypt,81.77
Senegal,81.76
Madagascar,81.75
Mozambique,81.73
Mali,81.72
Equatorial Guinea,81.7
Cabo Verde,81.7
Botswana,81.7
Mozambique,81.69
Mozambique,81.69
Gabon,81.68
Algeria,81.64
Algeria,81.64
Morocco,81.63
Democratic Republic of the Congo,81.62
Central African Republic,81.6
Burkina Faso,81.56
Burkina Faso,81.56
Niger,81.55
Uganda,81.53
South Sudan,81.52
South Sudan,81.51
Mauritania,81.51
Gabon,81.51
Niger,81.5
Niger,81.5
Guinea,81.49
Guinea,81.49
Chad,81.49
Zimbabwe,81.48
Mauritania,81.47
Mauritania,81.47
Madagascar,81.46
Madagascar,81.46
Ethiopia,81.46
Ethiopia,81.46
Ethiopia,81.46
Mauritania,81.45
Togo,81.44
Angola,81.4
Burundi,81.39
Lesotho,81.36
Namibia,81.33
Liberia,81.33
Libya,81.32
Algeria,81.32
Madagascar,81.31
Gambia,81.3
Eswatini,81.29
Somalia,81.27
Tanzania,81.25
Cameroon,81.21
Uganda,81.2
South Africa,81.18
Zimbabwe,81.17
Sudan,81.16
Eswatini,81.12
Eswatini,81.12
South Sudan,81.09
Zimbabwe,81.07
Tanzania,81.07
Eswatini,81.06
Tunisia,81.05
Tunisia,81.05
Cameroon,81.05
Kenya,81.03
Togo,81.02
Sudan,81.01
Sudan,81.0
Sudan,81.0
Central African Republic,80.99
Zimbabwe,80.98
Zimbabwe,80.98
Zambia,80.98
Zambia,80.98
Zambia,80.98
Sao Tome and Principe,80.98
Congo,80.98
Mauritania,80.95
Mauritania,80.95
Namibia,80.94
Tunisia,80.93
Mauritius,80.91
Cabo Verde,80.9
Liberia,80.89
Democratic Republic of the Congo,80.87
Guinea,80.86
South Sudan,80.85
Somalia,80.85
Sao Tome and Principe,80.83
Zambia,80.82
Zambia,80.82
Equatorial Guinea,80.79
Mozambique,80.78
Sierra Leone,80.77
Sierra Leone,80.77
Angola,80.76
Zambia,80.67
Zambia,80.67
Ivory Coast,80.66
Guinea-Bissau,80.65
Guinea-Bissau,80.65
Eritrea,80.65
Mauritania,80.64
Mauritania,80.64
Chad,80.62
Libya,80.58
Sudan,80.57
Morocco,80.47
Morocco,80.47
Madagascar,80.47
Morocco,80.44
Rwanda,80.42
Madagascar,80.4
Guinea,80.39
Kenya,80.38
Gabon,80.38
Ivory Coast,80.36
Senegal,80.34
Madagascar,80.32
Gabon,80.26
Gabon,80.26
Ivory Coast,80.25
Ivory Coast,80.25
Burundi,80.25
Algeria,80.23
Zimbabwe,80.22
Zimbabwe,80.17
Mali,80.16
Burundi,80.16
South Africa,80.14
Ethiopia,80.13
Central African Republic,80.12
Sierra Leone,80.09
Cabo Verde,80.04
Cabo Verde,80.04
Sierra Leone,80.03
Tunisia,80.0
Lesotho,79.97
Lesotho,79.97
Malawi,79.94
Algeria,79.92
Algeria,79.92
Sao Tome and Principe,79.9
Democratic Republic of the Congo,79.9
South Africa,79.89
Guinea-Bissau,79.88
Angola,79.88
Eswatini,79.87
Eswatini,79.87
South Sudan,79.83
Djibouti,79.83
Gambia,79.81
Ethiopia,79.81
Ivory Coast,79.78
Ethiopia,79.78
Mali,79.75
Gambia,79.74
Gambia,79.69
Gambia,79.69
Botswana,79.69
Kenya,79.68
Algeria,79.68
Namibia,79.67
Liberia,79.67
Namibia,79.65
Uganda,79.63
Uganda,79.63
Equatorial Guinea,79.63
Equatorial Guinea,79.63
Sierra Leone,79.59
Chad,79.59
Mauritania,79.58
Chad,79.56
Senegal,79.54
Angola,79.54
Angola,79.54
Angola,79.54
Equatorial Guinea,79.52
Libya,79.51
Burundi,79.48
Niger,79.47
Equatorial Guinea,79.47
Equatorial Guinea,79.47
Democratic Republic of the Congo,79.47
Tunisia,79.46
Kenya,79.46
Kenya,79.46
Morocco,79.42
Nigeria,79.41
Central African Republic,79.41
Morocco,79.4
Morocco,79.4
Guinea-Bissau,79.4
Mozambique,79.33
Kenya,79.32
Guinea,79.32
South Sudan,79.29
South Sudan,79.29
Eswatini,79.27
Eswatini,79.27
South Africa,79.26
Chad,79.23
Chad,79.23
Sudan,79.21
Guinea,79.21
Guinea,79.21
Central African Republic,79.21
Namibia,79.2
Sierra Leone,79.16
Guinea-Bissau,79.15
Guinea-Bissau,79.15
Namibia,79.14
Ivory Coast,79.14
Ivory Coast,79.14
Ivory Coast,79.14
Liberia,79.11
Lesotho,79.1
Congo,79.1
Chad,79.08
Rwanda,79.07
Seychelles,79.06
Cameroon,79.06
Congo,79.05
Gambia,79.04
Chad,79.0
Togo,78.96
Senegal,78.96
South Africa,78.95
Mauritania,78.93
Lesotho,78.92
Lesotho,78.92
South Africa,78.88
South Africa,78.88
Guinea,78.88
South Africa,78.87
Guinea,78.87
South Africa,78.84
South Africa,78.84
South Africa,78.84
Malawi,78.81
Liberia,78.81
Congo,78.8
Sao Tome and Principe,78.79
Comoros,78.78
South Africa,78.77
Somalia,78.73
Namibia,78.72
Ivory Coast,78.72
Lesotho,78.71
Lesotho,78.71
Tanzania,78.7
Egypt,78.7
Ivory Coast,78.68
Guinea,78.68
Zambia,78.66
Tanzania,78.66
Morocco,78.64
Guinea-Bissau,78.64
Burkina Faso,78.64
Burkina Faso,78.64
Mauritius,78.63
Mali,78.63
Mali,78.63
Tunisia,78.62
Madagascar,78.6
Central African Republic,78.58
Sao Tome and Principe,78.57
Angola,78.57
Senegal,78.53
Djibouti,78.53
Djibouti,78.53
Algeria,78.51
Burkina Faso,78.49
Burkina Faso,78.49
Namibia,78.47
Namibia,78.47
Comoros,78.44
Malawi,78.38
Benin,78.36
Sao Tome and Principe,78.33
Libya,78.33
Malawi,78.32
Mauritius,78.28
Eswatini,78.28
South Africa,78.27
Uganda,78.25
Senegal,78.25
Senegal,78.25
Cabo Verde,78.23
Liberia,78.21
Niger,78.2
Democratic Republic of the Congo,78.2
Democratic Republic of the Congo,78.2
Togo,78.19
Uganda,78.17
Benin,78.15
Lesotho,78.14
Algeria,78.13
Algeria,78.13
Sudan,78.12
Tanzania,78.08
Liberia,78.08
Comoros,78.07
Morocco,78.04
Democratic Republic of the Congo,78.04
Democratic Republic of the Congo,78.04
Democratic Republic of the Congo,78.04
Cabo Verde,78.03
Zambia,78.01
Mauritius,78.0
Egypt,77.93
Uganda,77.9
Tunisia,77.9
Mozambique,77.82
Burkina Faso,77.82
Togo,77.81
Namibia,77.79
Libya,77.78
Burundi,77.76
Senegal,77.72
Senegal,77.72
Senegal,77.71
South Sudan,77.69
Benin,77.68
Eswatini,77.67
Niger,77.64
Tunisia,77.63
Tunisia,77.63
Congo,77.63
Zambia,77.62
Rwanda,77.56
Mozambique,77.54
Madagascar,77.5
Gambia,77.5
Algeria,77.49
Congo,77.47
Tanzania,77.45
Rwanda,77.45
Uganda,77.43
Morocco,77.43
Madagascar,77.41
Central African Republic,77.41
Central African Republic,77.41
Lesotho,77.4
Sudan,77.31
Zimbabwe,77.28
Eritrea,77.27
Liberia,77.26
Central African Republic,77.23
Burkina Faso,77.22
Niger,77.21
Madagascar,77.21
Angola,77.21
Niger,77.18
Mauritius,77.18
Gabon,77.18
Congo,77.18
Congo,77.18
Mozambique,77.12
Mozambique,77.12
Togo,77.09
Mozambique,77.07
Mozambique,77.07
Congo,77.07
Sudan,77.05
Ivory Coast,77.04
Malawi,77.03
Tunisia,77.0
Sao Tome and Principe,77.0
Central African Republic,77.0
Zambia,76.98
Malawi,76.98
Lesotho,76.98
Lesotho,76.98
Cabo Verde,76.98
Zambia,76.97
Democratic Republic of the Congo,76.96
Senegal,76.92
Mauritania,76.9
Democratic Republic of the Congo,76.86
Democratic Republic of the Congo,76.86
Sudan,76.85
Mali,76.84
Guinea-Bissau,76.84
Morocco,76.82
Eswatini,76.82
Central African Republic,76.81
Ghana,76.74
Madagascar,76.71
Madagascar,76.71
Angola,76.71
Mauritius,76.7
Mozambique,76.69
Mauritania,76.65
Djibouti,76.64
Burundi,76.62
Seychelles,76.6
Seychelles,76.6
Algeria,76.59
Nigeria,76.57
Democratic Republic of the Congo,76.56
Guinea-Bissau,76.54
Sao Tome and Principe,76.5
Mauritius,76.48
Uganda,76.47
Mozambique,76.47
Cameroon,76.45
Benin,76.45
Zambia,76.42
Libya,76.4
Mauritania,76.39
Sudan,76.37
Sudan,76.37
Cameroon,76.36
Niger,76.34
Egypt,76.33
Congo,76.33
Botswana,76.33
Guinea-Bissau,76.28
Chad,76.28
Mauritania,76.27
South Africa,76.25
Niger,76.24
Niger,76.24
Sierra Leone,76.23
Mauritius,76.23
Mauritius,76.23
Kenya,76.2
Ivory Coast,76.14
Ivory Coast,76.14
Benin,76.13
Togo,76.11
Libya,76.11
Ethiopia,76.1
Ethiopia,76.1
Cabo Verde,76.1
Cabo Verde,76.1
Tanzania,76.07
Guinea-Bissau,76.07
Niger,76.05
Libya,76.05
Libya,76.05
Libya,76.05
Ghana,76.05
Cameroon,76.04
Uganda,76.02
Algeria,76.02
Cabo Verde,76.0
Tanzania,75.98
Malawi,75.96
Sao Tome and Principe,75.92
Namibia,75.89
Gabon,75.88
Sao Tome and Principe,75.82
Sao Tome and Principe,75.82
Madagascar,75.81
Madagascar,75.81
Madagascar,75.81
Guinea-Bissau,75.8
Gabon,75.8
Gabon,75.8
Gabon,75.8
Mauritius,75.79
Malawi,75.79
Mozambique,75.76
Guinea,75.76
Comoros,75.74
Tunisia,75.73
Tunisia,75.73
Botswana,75.73
Mauritius,75.72
Angola,75.7
Uganda,75.63
Nigeria,75.62
Chad,75.61
Tunisia,75.6
Mauritania,75.6
Mauritania,75.6
Lesotho,75.6
Kenya,75.59
Kenya,75.59
Senegal,75.57
Senegal,75.57
Angola,75.57
Morocco,75.56
Morocco,75.56
Congo,75.54
Lesotho,75.53
Guinea-Bissau,75.53
Zimbabwe,75.48
Egypt,75.48
Egypt,75.48
Congo,75.47
Cameroon,75.45
Namibia,75.44
Zimbabwe,75.39
Kenya,75.39
Kenya,75.39
Gabon,75.39
Congo,75.39
Benin,75.38
Benin,75.38
Mozambique,75.37
Burkina Faso,75.37
Mali,75.36
Mali,75.36
Guinea-Bissau,75.35
Central African Republic,75.35
Central African Republic,75.35
Tunisia,75.33
Benin,75.33
Central African Republic,75.32
Central African Republic,75.32
Botswana,75.32
Botswana,75.32
Botswana,75.32
Botswana,75.32
Botswana,75.32
Central African Republic,75.31
Central African Republic,75.31
Angola,75.28
Angola,75.28
Comoros,75.27
Angola,75.27
Zambia,75.25
Burkina Faso,75.25
Gambia,75.24
Gambia,75.24
Gabon,75.24
Zambia,75.22
Zambia,75.22
Democratic Republic of the Congo,75.21
Burkina Faso,75.18
South Sudan,75.17
Malawi,75.17
Somalia,75.15
Madagascar,75.15
Gambia,75.15
Liberia,75.14
Ethiopia,75.14
Ethiopia,75.14
Eritrea,75.12
Eritrea,75.12
Mali,75.1
Namibia,75.08
Sudan,75.06
Eritrea,75.06
Gabon,75.05
Gabon,75.05
Gabon,75.05
Algeria,75.04
Somalia,75.02
Somalia,75.02
Tunisia,75.0
Sierra Leone,75.0
Liberia,74.95
Namibia,74.94
Namibia,74.94
Ghana,74.93
Algeria,74.91
Uganda,74.86
South Africa,74.86
South Africa,74.86
Zimbabwe,74.85
Mauritius,74.85
Tunisia,74.83
Morocco,74.83
Comoros,74.83
Mali,74.82
Mali,74.82
Ethiopia,74.82
Nigeria,74.77
Seychelles,74.75
Sudan,74.73
Algeria,74.72
Sao Tome and Principe,74.69
South Sudan,74.68
Namibia,74.68
Namibia,74.68
Tunisia,74.64
Namibia,74.62
Djibouti,74.62
Guinea,74.61
Zimbabwe,74.6
Djibouti,74.6
Seychelles,74.59
Namibia,74.59
Namibia,74.59
Eswatini,74.59
Uganda,74.52
Sudan,74.49
Egypt,74.49
Rwanda,74.47
Gabon,74.45
Chad,74.45
Central African Republic,74.44
Eswatini,74.43
Somalia,74.4
Nigeria,74.4
Benin,74.4
Tunisia,74.39
Tunisia,74.39
Comoros,74.38
Benin,74.37
Guinea-Bissau,74.36
Namibia,74.35
Cabo Verde,74.35
Algeria,74.34
Algeria,74.34
Mauritania,74.26
Eswatini,74.24
Tunisia,74.22
Ethiopia,74.21
Ethiopia,74.21
Botswana,74.21
Liberia,74.2
Algeria,74.2
Mauritania,74.18
Ivory Coast,74.18
Ivory Coast,74.18
Ivory Coast,74.18
Ethiopia,74.18
Central African Republic,74.17
Central African Republic,74.17
Uganda,74.15
Uganda,74.15
Burundi,74.15
Zambia,74.13
Zambia,74.13
Nigeria,74.11
Togo,74.04
Mauritius,74.04
Libya,74.0
Seychelles,73.99
Togo,73.97
Equatorial Guinea,73.96
Equatorial Guinea,73.96
Democratic Republic of the Congo,73.96
Democratic Republic of the Congo,73.96
Democratic Republic of the Congo,73.96
Senegal,73.95
Kenya,73.93
Ethiopia,73.92
Egypt,73.91
Kenya,73.9
Djibouti,73.89
Mauritania,73.87
Guinea,73.87
Zambia,73.86
Zambia,73.86
Zambia,73.86
Zambia,73.86
Zambia,73.86
Guinea,73.86
Congo,73.86
Guinea,73.85
Guinea,73.85
Sierra Leone,73.8
Sierra Leone,73.79
Sierra Leone,73.79
Democratic Republic of the Congo,73.73
Zimbabwe,73.7
Eswatini,73.7
Zambia,73.68
Sao Tome and Principe,73.67
Malawi,73.63
Tunisia,73.6
Mauritius,73.59
Malawi,73.57
Senegal,73.54
Kenya,73.54
Central African Republic,73.52
Mauritania,73.49
Burkina Faso,73.46
Zimbabwe,73.41
Equatorial Guinea,73.4
Mauritania,73.38
Mauritania,73.38
Tunisia,73.36
Tunisia,73.36
Sao Tome and Principe,73.32
Sao Tome and Principe,73.32
Sierra Leone,73.31
Sierra Leone,73.31
Uganda,73.3
Cameroon,73.29
Libya,73.27
Tanzania,73.26
Liberia,73.24
South Africa,73.23
Botswana,73.21
Seychelles,73.18
Comoros,73.14
Sudan,73.13
Tanzania,73.12
Libya,73.12
Ivory Coast,73.11
Ivory Coast,73.11
Ethiopia,73.08
Ethiopia,73.08
Egypt,73.08
Somalia,73.07
Botswana,73.07
Madagascar,73.05
Mali,73.04
Mali,73.04
Somalia,73.02
Zimbabwe,72.99
Central African Republic,72.99
Libya,72.98
Benin,72.98
Rwanda,72.97
Rwanda,72.97
Guinea,72.96
Guinea,72.96
Burkina Faso,72.96
Djibouti,72.92
Uganda,72.91
Uganda,72.91
Namibia,72.91
Sierra Leone,72.9
Sierra Leone,72.9
Ghana,72.9
Gabon,72.9
Burkina Faso,72.9
Morocco,72.88
Ethiopia,72.88
Djibouti,72.87
Sudan,72.83
Central African Republic,72.83
Sudan,72.82
Sudan,72.8
Comoros,72.79
Sao Tome and Principe,72.77
Mozambique,72.76
Sudan,72.72
Tunisia,72.7
Togo,72.7
South Africa,72.69
Sudan,72.68
Central African Republic,72.68
Chad,72.67
Chad,72.67
Niger,72.66
Libya,72.63
Ethiopia,72.63
Seychelles,72.62
Chad,72.62
Central African Republic,72.59
Equatorial Guinea,72.58
Zimbabwe,72.56
Morocco,72.54
Sao Tome and Principe,72.52
Mauritius,72.52
Morocco,72.51
Cabo Verde,72.49
Benin,72.49
Zimbabwe,72.47
Zimbabwe,72.47
Niger,72.44
Cameroon,72.43
Cameroon,72.43
Cameroon,72.43
Sudan,72.41
Mauritania,72.41
Mauritania,72.41
Chad,72.41
Sao Tome and Principe,72.4
Ghana,72.38
Ethiopia,72.34
Ethiopia,72.34
Morocco,72.33
Benin,72.33
Zambia,72.31
Mali,72.31
Libya,72.3
Cameroon,72.3
Cameroon,72.3
Mozambique,72.27
Chad,72.23
Namibia,72.22
Niger,72.21
Mauritius,72.21
Tunisia,72.2
Gambia,72.14
Guinea,72.13
Zambia,72.1
Madagascar,72.1
Lesotho,72.1
Gambia,72.1
Eritrea,72.09
Nigeria,72.07
Burkina Faso,72.06
Kenya,72.04
Malawi,72.01
Liberia,71.99
Togo,71.97
Togo,71.97
Mauritius,71.96
Benin,71.95
Gambia,71.94
Ivory Coast,71.87
Ivory Coast,71.87
Equatorial Guinea,71.79
Equatorial Guinea,71.79
Kenya,71.78
Guinea-Bissau,71.78
Cabo Verde,71.78
Cabo Verde,71.78
Lesotho,71.75
Angola,71.75
Benin,71.74
Botswana,71.67
Nigeria,71.66
Ivory Coast,71.66
Equatorial Guinea,71.64
Mauritius,71.59
Sierra Leone,71.57
Seychelles,71.56
South Sudan,71.55
Lesotho,71.53
Zambia,71.52
Cameroon,71.51
Cameroon,71.51
South Africa,71.5
South Africa,71.5
Algeria,71.5
Namibia,71.49
Ethiopia,71.47
Angola,71.46
Gabon,71.45
Togo,71.44
Mozambique,71.43
Somalia,71.42
Rwanda,71.41
Niger,71.41
Cabo Verde,71.37
Zambia,71.34
Zambia,71.34
Guinea,71.34
Guinea,71.34
Cabo Verde,71.34
Algeria,71.27
Algeria,71.27
Burkina Faso,71.25
Angola,71.25
Benin,71.18
Benin,71.18
Niger,71.17
Kenya,71.15
Senegal,71.14
Djibouti,71.12
Uganda,71.07
Eritrea,71.07
Eritrea,71.07
Zimbabwe,71.03
Morocco,71.03
Senegal,71.01
Morocco,71.01
Kenya,71.01
Liberia,71.0
Liberia,71.0
Liberia,71.0
Kenya,70.99
Egypt,70.99
Democratic Republic of the Congo,70.99
Cameroon,70.99
Eswatini,70.98
Eswatini,70.98
Comoros,70.97
Egypt,70.95
Tunisia,70.94
Gambia,70.94
Namibia,70.86
Zimbabwe,70.85
Eritrea,70.85
Eritrea,70.85
Chad,70.85
Guinea,70.84
Nigeria,70.83
Mozambique,70.82
Burkina Faso,70.82
Algeria,70.81
Mali,70.8
Malawi,70.78
Ivory Coast,70.78
Seychelles,70.77
Malawi,70.77
Zambia,70.73
Zambia,70.73
Burkina Faso,70.72
Gambia,70.7
Senegal,70.68
Mozambique,70.68
Angola,70.68
Tunisia,70.65
Seychelles,70.63
Gabon,70.63
Somalia,70.62
Djibouti,70.61
Lesotho,70.6
Seychelles,70.58
Senegal,70.58
Senegal,70.58
Botswana,70.56
Malawi,70.5
Mozambique,70.49
Central African Republic,70.49
South Sudan,70.48
Somalia,70.48
Central African Republic,70.48
Central African Republic,70.48
Burundi,70.47
Egypt,70.46
Mozambique,70.44
Ivory Coast,70.44
Angola,70.41
Angola,70.36
Democratic Republic of the Congo,70.35
Tunisia,70.33
Tunisia,70.33
Guinea,70.32
Algeria,70.32
Zimbabwe,70.31
South Sudan,70.31
Eswatini,70.25
Lesotho,70.18
Lesotho,70.18
Somalia,70.16
Rwanda,70.16
Rwanda,70.16
Chad,70.16
Rwanda,70.14
Algeria,70.14
Senegal,70.13
Senegal,70.13
Senegal,70.13
Mauritius,70.13
Burkina Faso,70.12
Burkina Faso,70.12
Zimbabwe,70.11
Sierra Leone,70.11
Kenya,70.1
Kenya,70.1
Gabon,70.09
Eritrea,70.09
Zimbabwe,70.06
Zimbabwe,70.06
Zimbabwe,70.06
Zimbabwe,70.05
Sierra Leone,70.05
Burundi,70.04
Sudan,70.03
Djibouti,70.03
Mauritania,70.01
Seychelles,70.0
Botswana,70.0
South Sudan,69.98
Namibia,69.97
Chad,69.97
Chad,69.97
Seychelles,69.96
Zimbabwe,69.92
Sudan,69.92
Comoros,69.87
Comoros,69.87
Central African Republic,69.87
Central African Republic,69.87
Namibia,69.86
Namibia,69.86
Namibia,69.86
Egypt,69.86
Democratic Republic of the Congo,69.85
Guinea-Bissau,69.82
Libya,69.79
Morocco,69.78
Tunisia,69.77
Gabon,69.76
Djibouti,69.76
Djibouti,69.76
Rwanda,69.71
Gambia,69.7
Equatorial Guinea,69.69
Benin,69.67
Cabo Verde,69.66
Cabo Verde,69.66
Democratic Republic of the Congo,69.64
Democratic Republic of the Congo,69.64
Sao Tome and Principe,69.63
Tanzania,69.6
Sudan,69.51
Gabon,69.45
Egypt,69.44
Togo,69.43
South Sudan,69.43
Zimbabwe,69.42
South Sudan,69.39
Somalia,69.32
South Africa,69.3
South Africa,69.3
South Africa,69.3
Libya,69.3
South Africa,69.28
Central African Republic,69.25
South Sudan,69.22
Zambia,69.2
Seychelles,69.2
Gabon,69.2
Mali,69.18
Ghana,69.12
Egypt,69.1
Cameroon,69.07
Democratic Republic of the Congo,69.05
Algeria,69.03
Liberia,68.99
Gabon,68.97
Benin,68.96
South Sudan,68.95
South Africa,68.94
Comoros,68.92
Mauritius,68.89
Mozambique,68.88
Sudan,68.84
Namibia,68.84
South Africa,68.83
Niger,68.83
Congo,68.83
Mauritius,68.82
Niger,68.81
Togo,68.79
Togo,68.79
Guinea,68.78
Guinea,68.78
Zambia,68.77
Zambia,68.77
Niger,68.76
Niger,68.76
Cabo Verde,68.76
Guinea-Bissau,68.72
Central African Republic,68.72
Burundi,68.72
South Africa,68.69
Ghana,68.69
Burundi,68.68
Senegal,68.67
Togo,68.66
Morocco,68.66
Morocco,68.66
Morocco,68.66
Zimbabwe,68.65
Seychelles,68.63
Seychelles,68.63
Namibia,68.61
Burkina Faso,68.61
Burkina Faso,68.61
Guinea,68.57
Eswatini,68.56
Morocco,68.55
Rwanda,68.53
Eswatini,68.53
Ivory Coast,68.52
Ivory Coast,68.52
South Sudan,68.48
Benin,68.48
Chad,68.44
Burkina Faso,68.44
Comoros,68.43
Gambia,68.4
Gambia,68.4
Burundi,68.4
Seychelles,68.34
Kenya,68.33
Tunisia,68.32
Libya,68.31
Guinea-Bissau,68.29
Rwanda,68.26
Democratic Republic of the Congo,68.26
Democratic Republic of the Congo,68.26
Liberia,68.23
Lesotho,68.23
Somalia,68.17
Libya,68.14
Gabon,68.14
Liberia,68.1
Liberia,68.1
Guinea,68.1
Sao Tome and Principe,68.08
Chad,68.05
Liberia,68.04
Mauritania,68.02
Ghana,68.0
Ghana,68.0
Ghana,68.0
Niger,67.99
Niger,67.93
Morocco,67.92
Morocco,67.92
Chad,67.91
Chad,67.91
Cabo Verde,67.84
Burkina Faso,67.82
Senegal,67.78
Libya,67.78
Cabo Verde,67.78
Mauritania,67.74
Libya,67.69
Ivory Coast,67.69
Ivory Coast,67.69
Ghana,67.68
Congo,67.66
Congo,67.66
Cameroon,67.66
Lesotho,67.64
Zambia,67.6
Gambia,67.59
Nigeria,67.58
Madagascar,67.55
Congo,67.53
Guinea-Bissau,67.49
Central African Republic,67.48
Mali,67.46
Mali,67.46
Burkina Faso,67.45
Egypt,67.4
Botswana,67.39
Liberia,67.38
Burundi,67.37
Eritrea,67.32
Malawi,67.3
Burkina Faso,67.3
Benin,67.26
Nigeria,67.22
Nigeria,67.22
Libya,67.2
Egypt,67.2
Togo,67.19
Tanzania,67.19
Mauritania,67.16
Democratic Republic of the Congo,67.16
Democratic Republic of the Congo,67.16
Namibia,67.14
Morocco,67.14
Kenya,67.09
Cameroon,67.06
Eswatini,67.05
Tunisia,67.04
Zambia,67.03
Senegal,67.02
Burkina Faso,67.0
Egypt,66.99
Equatorial Guinea,66.96
Burundi,66.96
Somalia,66.93
Sudan,66.91
Eritrea,66.91
Sao Tome and Principe,66.88
Libya,66.88
Gambia,66.87
Mauritania,66.86
Burundi,66.86
Egypt,66.84
Zambia,66.82
Zambia,66.79
Nigeria,66.79
Nigeria,66.79
Seychelles,66.76
Kenya,66.76
Rwanda,66.71
Mauritius,66.64
Mauritius,66.64
Central African Republic,66.63
Central African Republic,66.63
Uganda,66.6
Mali,66.59
Togo,66.58
Malawi,66.58
Egypt,66.55
Kenya,66.54
Burkina Faso,66.54
Togo,66.53
Guinea-Bissau,66.52
South Africa,66.51
Equatorial Guinea,66.51
South Sudan,66.46
Burundi,66.42
Benin,66.38
Benin,66.38
Sudan,66.36
Gambia,66.35
Morocco,66.34
Guinea,66.34
Sudan,66.32
Sudan,66.32
Sudan,66.32
Eswatini,66.3
Sudan,66.29
Sudan,66.29
Sudan,66.29
Comoros,66.29
Sierra Leone,66.28
Mauritania,66.26
Democratic Republic of the Congo,66.26
Comoros,66.24
Malawi,66.23
Malawi,66.23
Rwanda,66.19
Guinea,66.17
Seychelles,66.12
Seychelles,66.12
Congo,66.12
Tunisia,66.11
Tunisia,66.09
Sao Tome and Principe,66.07
Sao Tome and Principe,66.07
Egypt,66.07
Central African Republic,66.07
Central African Republic,66.07
Ivory Coast,66.06
Ivory Coast,66.03
Benin,66.02
Malawi,66.0
Tunisia,65.98
Tunisia,65.98
Botswana,65.98
Senegal,65.97
Senegal,65.97
Guinea-Bissau,65.95
Seychelles,65.94
Senegal,65.91
Djibouti,65.91
Algeria,65.9
Sao Tome and Principe,65.89
Ivory Coast,65.86
Chad,65.83
Angola,65.83
Egypt,65.81
Burundi,65.78
Burundi,65.78
Burundi,65.78
Tunisia,65.77
Namibia,65.77
Burkina Faso,65.77
Burkina Faso,65.77
Mali,65.76
Lesotho,65.72
Mauritius,65.71
Mali,65.71
Chad,65.68
Chad,65.68
Cabo Verde,65.65
Cabo Verde,65.65
Cabo Verde,65.65
Zimbabwe,65.62
Rwanda,65.6
Rwanda,65.6
Rwanda,65.6
Mauritius,65.59
South Sudan,65.58
Botswana,65.58
Uganda,65.56
Uganda,65.56
Algeria,65.56
Liberia,65.54
Lesotho,65.51
Morocco,65.5
Egypt,65.5
Morocco,65.49
Morocco,65.49
Seychelles,65.48
Mozambique,65.46
Mozambique,65.46
Mauritania,65.44
Uganda,65.42
Djibouti,65.42
Djibouti,65.42
Eswatini,65.41
Chad,65.41
Namibia,65.38
Malawi,65.31
Tunisia,65.3
Tunisia,65.3
Togo,65.3
Congo,65.3
Botswana,65.3
Djibouti,65.29
Congo,65.26
Ghana,65.25
Ivory Coast,65.18
Ivory Coast,65.18
Central African Republic,65.18
Angola,65.18
Democratic Republic of the Congo,65.15
Uganda,65.14
Uganda,65.14
Benin,65.12
Angola,65.11
Malawi,65.09
Cabo Verde,65.09
Cabo Verde,65.09
Mozambique,65.06
Eritrea,65.04
Mauritania,65.02
Senegal,65.01
Mauritania,64.92
Morocco,64.91
Morocco,64.91
Egypt,64.91
Ethiopia,64.9
Mozambique,64.89
Nigeria,64.87
Nigeria,64.87
South Africa,64.85
South Sudan,64.83
South Sudan,64.8
Somalia,64.78
Mauritius,64.73
Madagascar,64.73
Equatorial Guinea,64.71
South Africa,64.69
South Africa,64.69
Namibia,64.69
Congo,64.69
Lesotho,64.66
Lesotho,64.66
Kenya,64.65
Kenya,64.65
Ghana,64.64
Sudan,64.6
Uganda,64.59
South Africa,64.58
Sierra Leone,64.58
Guinea-Bissau,64.57
Uganda,64.55
Namibia,64.55
Democratic Republic of the Congo,64.55
Sudan,64.54
Central African Republic,64.54
Namibia,64.52
Zambia,64.49
Congo,64.44
Botswana,64.44
Morocco,64.41
Guinea-Bissau,64.39
Benin,64.39
Ethiopia,64.36
Mozambique,64.29
Djibouti,64.29
Somalia,64.27
Sao Tome and Principe,64.24
Egypt,64.24
Egypt,64.24
Seychelles,64.22
Guinea-Bissau,64.22
Uganda,64.2
Sierra Leone,64.19
Sierra Leone,64.19
Uganda,64.18
Uganda,64.18
Sao Tome and Principe,64.18
Central African Republic,64.15
Central African Republic,64.15
Malawi,64.14
Zambia,64.13
Namibia,64.12
Ghana,64.12
Ghana,64.12
Mauritius,64.11
Djibouti,64.11
Djibouti,64.11
Zimbabwe,64.1
Togo,64.09
Somalia,64.04
Seychelles,64.04
Chad,64.04
Chad,64.04
Guinea-Bissau,64.03
Burundi,64.01
Niger,63.97
Niger,63.97
Sao Tome and Principe,63.96
Malawi,63.95
Senegal,63.94
Madagascar,63.94
Niger,63.9
Niger,63.9
Burkina Faso,63.88
Guinea-Bissau,63.87
Guinea-Bissau,63.87
Somalia,63.85
Seychelles,63.81
Namibia,63.81
Tanzania,63.74
Uganda,63.69
Benin,63.69
Nigeria,63.68
Malawi,63.64
Malawi,63.64
Ethiopia,63.64
Madagascar,63.61
Madagascar,63.61
Malawi,63.58
Equatorial Guinea,63.58
Sierra Leone,63.57
Benin,63.57
Sao Tome and Principe,63.56
Madagascar,63.55
Malawi,63.5
Kenya,63.5
Kenya,63.5
Kenya,63.5
Morocco,63.47
Zimbabwe,63.43
Uganda,63.37
Uganda,63.36
Mauritius,63.36
Ethiopia,63.33
Djibouti,63.32
Guinea-Bissau,63.28
Uganda,63.27
Mauritius,63.27
Mauritius,63.27
Gabon,63.27
Botswana,63.27
Senegal,63.26
Senegal,63.25
Senegal,63.25
Namibia,63.25
Botswana,63.25
Burundi,63.23
Zimbabwe,63.22
Democratic Republic of the Congo,63.22
Eritrea,63.16
South Africa,63.15
Libya,63.15
Libya,63.12
Libya,63.12
Libya,63.08
Libya,63.08
Libya,63.08
Tunisia,63.06
Mauritius,63.04
Guinea,63.03
Guinea,63.03
Sudan,63.02
Liberia,63.01
Central African Republic,62.97
Burkina Faso,62.97
Mauritius,62.96
Malawi,62.94
Guinea,62.94
Mauritania,62.92
Eswatini,62.92
Ethiopia,62.89
Ethiopia,62.89
South Africa,62.88
Comoros,62.86
Mauritania,62.81
Mauritania,62.81
Libya,62.81
Cabo Verde,62.8
Cabo Verde,62.8
Tanzania,62.79
Chad,62.79
Malawi,62.74
South Sudan,62.73
Mauritius,62.73
Rwanda,62.71
Chad,62.71
Liberia,62.7
Democratic Republic of the Congo,62.68
Central African Republic,62.68
Namibia,62.67
Burkina Faso,62.67
Mauritania,62.6
Ivory Coast,62.58
Gambia,62.58
Ethiopia,62.58
Comoros,62.58
Kenya,62.55
Sudan,62.53
Sudan,62.53
Uganda,62.51
Algeria,62.51
Egypt,62.49
Guinea,62.44
Cameroon,62.44
Niger,62.42
Cabo Verde,62.4
Uganda,62.39
Togo,62.39
Djibouti,62.38
Tunisia,62.35
Tunisia,62.32
Chad,62.29
Malawi,62.28
Chad,62.25
Algeria,62.24
Malawi,62.23
Botswana,62.23
Libya,62.22
Somalia,62.2
Senegal,62.2
Lesotho,62.2
Cabo Verde,62.2
Kenya,62.17
Angola,62.17
Somalia,62.16
Namibia,62.14
Namibia,62.14
Ethiopia,62.14
Mozambique,62.11
Central African Republic,62.09
Botswana,62.09
Uganda,62.08
South Africa,62.06
Tanzania,62.05
Benin,62.02
Benin,62.02
Mauritius,61.99
Zimbabwe,61.98
Cabo Verde,61.98
Mauritania,61.95
South Africa,61.94
Guinea,61.94
Eswatini,61.93
Comoros,61.9
Sierra Leone,61.87
Botswana,61.87
Lesotho,61.83
Gabon,61.82
Mauritius,61.76
Congo,61.76
South Africa,61.74
Sao Tome and Principe,61.73
Sao Tome and Principe,61.73
Malawi,61.7
Democratic Republic of the Congo,61.69
Namibia,61.68
Mauritania,61.68
Comoros,61.67
South Africa,61.66
Niger,61.61
Kenya,61.59
Djibouti,61.57
Malawi,61.52
Malawi,61.52
Tanzania,61.51
Tunisia,61.5
Gabon,61.5
Gabon,61.5
Kenya,61.49
Ethiopia,61.49
Ethiopia,61.49
Eswatini,61.48
Somalia,61.47
Sierra Leone,61.46
Sierra Leone,61.46
Guinea,61.46
Gambia,61.46
Mozambique,61.45
Benin,61.41
Benin,61.41
Tanzania,61.4
Egypt,61.39
Mauritania,61.37
Malawi,61.37
Morocco,61.33
Gambia,61.33
Togo,61.32
Uganda,61.29
Somalia,61.29
Tunisia,61.26
Tunisia,61.26
Botswana,61.26
Libya,61.23
Eritrea,61.23
Lesotho,61.22
Comoros,61.18
Algeria,61.16
Zambia,61.15
Zambia,61.15
Zambia,61.15
Niger,61.13
Algeria,61.12
Djibouti,61.07
Senegal,61.06
Djibouti,61.06
Namibia,61.05
Chad,61.05
Chad,61.05
South Sudan,61.04
Tunisia,61.03
Seychelles,60.98
Seychelles,60.98
Cameroon,60.98
Mauritania,60.96
Botswana,60.94
Botswana,60.94
Kenya,60.93
Ghana,60.92
Egypt,60.92
Togo,60.89
Democratic Republic of the Congo,60.88
Cameroon,60.88
Gabon,60.85
Rwanda,60.84
Guinea,60.83
Lesotho,60.82
Tunisia,60.77
Mali,60.74
Mali,60.74
Mauritania,60.71
Angola,60.7
Comoros,60.69
Zimbabwe,60.67
Rwanda,60.67
Malawi,60.67
South Sudan,60.66
Rwanda,60.66
Madagascar,60.64
Equatorial Guinea,60.63
Lesotho,60.62
Lesotho,60.62
Ethiopia,60.62
Djibouti,60.62
Congo,60.62
Chad,60.59
Zimbabwe,60.57
Libya,60.55
Kenya,60.54
Kenya,60.54
Kenya,60.53
Kenya,60.53
Chad,60.52
Sao Tome and Principe,60.47
Sao Tome and Principe,60.47
Sudan,60.45
Gambia,60.45
Gabon,60.44
Madagascar,60.42
Madagascar,60.42
Somalia,60.4
Ghana,60.4
Madagascar,60.39
Sao Tome and Principe,60.37
Sao Tome and Principe,60.35
Libya,60.34
Comoros,60.34
Tunisia,60.33
Somalia,60.31
Somalia,60.31
Gabon,60.3
Tanzania,60.29
Guinea-Bissau,60.29
Gabon,60.28
Morocco,60.27
Ghana,60.25
Cameroon,60.24
Seychelles,60.23
Eritrea,60.23
Senegal,60.22
Senegal,60.22
Benin,60.21
Burundi,60.16
Burundi,60.16
Togo,60.15
Sao Tome and Principe,60.15
Ethiopia,60.15
South Africa,60.12
Niger,60.12
Niger,60.12
Malawi,60.12
Gambia,60.12
Sudan,60.11
Algeria,60.1
Algeria,60.1
Seychelles,60.08
Senegal,60.07
Sierra Leone,60.06
Guinea-Bissau,60.06
Guinea-Bissau,60.06
Liberia,60.04
Liberia,60.04
Algeria,60.03
South Sudan,60.02
Mauritania,59.99
Algeria,59.99
Comoros,59.98
Tanzania,59.96
Somalia,59.96
Djibouti,59.95
Uganda,59.94
Sao Tome and Principe,59.94
Kenya,59.94
Gabon,59.92
Angola,59.84
Libya,59.81
South Africa,59.79
South Africa,59.79
South Africa,59.79
Democratic Republic of the Congo,59.77
Senegal,59.75
Democratic Republic of the Congo,59.74
Seychelles,59.73
Mauritania,59.72
Mauritania,59.72
Central African Republic,59.72
Central African Republic,59.72
Cabo Verde,59.71
Tunisia,59.7
Sao Tome and Principe,59.7
Eswatini,59.7
Niger,59.68
Niger,59.68
Egypt,59.68
Sudan,59.65
Eritrea,59.65
Eritrea,59.65
Democratic Republic of the Congo,59.65
Libya,59.64
Libya,59.62
Sudan,59.58
Nigeria,59.57
Tanzania,59.56
Zambia,59.54
Sudan,59.54
Rwanda,59.54
Guinea,59.54
Burkina Faso,59.54
Burkina Faso,59.54
Togo,59.52
Equatorial Guinea,59.49
Equatorial Guinea,59.49
Guinea,59.47
Djibouti,59.47
Mozambique,59.43
South Africa,59.42
Egypt,59.41
Lesotho,59.39
Rwanda,59.36
Botswana,59.36
Sierra Leone,59.32
Mozambique,59.32
Burundi,59.32
Sierra Leone,59.3
South Africa,59.26
South Sudan,59.21
Niger,59.19
Nigeria,59.16
Morocco,59.16
Egypt,59.15
Madagascar,59.14
Guinea-Bissau,59.12
Mozambique,59.1
Democratic Republic of the Congo,59.1
Cabo Verde,59.07
Egypt,59.06
Democratic Republic of the Congo,59.0
Burkina Faso,59.0
Zambia,58.98
Zambia,58.97
Zambia,58.97
Djibouti,58.97
Togo,58.96
Equatorial Guinea,58.96
Chad,58.96
Togo,58.92
Togo,58.92
Senegal,58.9
Senegal,58.9
Senegal,58.9
Guinea,58.89
Libya,58.88
Botswana,58.84
Kenya,58.83
Guinea-Bissau,58.82
Eritrea,58.81
Guinea-Bissau,58.8
Guinea-Bissau,58.8
Ivory Coast,58.71
Equatorial Guinea,58.7
Cameroon,58.7
Lesotho,58.69
Botswana,58.69
Mali,58.65
Nigeria,58.64
Nigeria,58.64
Nigeria,58.64
Gambia,58.64
Madagascar,58.62
Madagascar,58.62
Togo,58.6
Togo,58.6
Guinea,58.56
Guinea,58.56
Madagascar,58.55
Liberia,58.55
Tunisia,58.53
Chad,58.47
Democratic Republic of the Congo,58.46
Democratic Republic of the Congo,58.46
Malawi,58.39
Kenya,58.38
Lesotho,58.37
Democratic Republic of the Congo,58.36
Kenya,58.35
Mauritania,58.34
Somalia,58.33
Somalia,58.33
Eritrea,58.33
Seychelles,58.32
Burundi,58.32
Sierra Leone,58.3
Madagascar,58.3
Rwanda,58.28
Congo,58.28
Burundi,58.25
Burkina Faso,58.24
Lesotho,58.22
Tanzania,58.19
Tanzania,58.19
Democratic Republic of the Congo,58.19
Cameroon,58.19
Tunisia,58.17
Tunisia,58.17
Mauritius,58.15
Ethiopia,58.15
Tanzania,58.14
Tanzania,58.14
Egypt,58.14
Cabo Verde,58.13
Zimbabwe,58.1
Zimbabwe,58.1
Madagascar,58.08
Madagascar,58.08
Sudan,58.05
Seychelles,58.05
Tanzania,58.04
Tanzania,58.04
Somalia,58.04
Mauritania,58.04
Mauritius,58.03
Mauritius,58.03
Mali,58.03
Liberia,58.03
Morocco,58.02
South Africa,57.98
Ivory Coast,57.98
Gabon,57.97
Mauritius,57.93
Morocco,57.9
Mali,57.9
Congo,57.9
South Africa,57.87
Mauritius,57.83
Ethiopia,57.81
Ivory Coast,57.79
Rwanda,57.77
Burundi,57.77
Equatorial Guinea,57.76
Benin,57.74
Burundi,57.72
Liberia,57.7
Guinea,57.69
Guinea,57.69
Guinea,57.69
Guinea,57.69
Djibouti,57.69
Sudan,57.63
Seychelles,57.62
Democratic Republic of the Congo,57.6
Cabo Verde,57.59
Somalia,57.58
Burundi,57.58
Burundi,57.58
Seychelles,57.57
Seychelles,57.57
Ghana,57.55
Cameroon,57.55
Eswatini,57.52
Morocco,57.51
Liberia,57.51
Liberia,57.51
Rwanda,57.5
Rwanda,57.5
Uganda,57.49
Uganda,57.48
Senegal,57.47
Mozambique,57.47
Cabo Verde,57.47
Cabo Verde,57.47
Nigeria,57.34
Mauritius,57.33
Mauritius,57.33
Mauritania,57.29
South Sudan,57.28
Algeria,57.24
Gambia,57.23
Eswatini,57.23
Eswatini,57.23
Mauritius,57.2
Mauritania,57.19
Mauritania,57.19
Mauritius,57.18
Niger,57.17
South Africa,57.15
Mali,57.15
Mali,57.15
Congo,57.15
Niger,57.09
Egypt,57.09
Zimbabwe,57.05
Ethiopia,57.04
Guinea,57.03
Burkina Faso,57.01
Guinea,56.99
Cabo Verde,56.93
Ghana,56.92
Ethiopia,56.92
Ethiopia,56.92
Algeria,56.9
Somalia,56.89
Gambia,56.88
Djibouti,56.86
Uganda,56.85
Chad,56.85
Seychelles,56.84
Guinea,56.84
Guinea,56.84
Mauritania,56.81
Lesotho,56.79
Rwanda,56.78
Ivory Coast,56.77
Uganda,56.76
Uganda,56.76
Gabon,56.76
Seychelles,56.73
Seychelles,56.72
Seychelles,56.72
Democratic Republic of the Congo,56.72
Sao Tome and Principe,56.71
Guinea,56.68
Guinea,56.68
Uganda,56.67
Uganda,56.67
Gambia,56.66
Libya,56.63
Libya,56.63
Libya,56.63
Libya,56.63
Democratic Republic of the Congo,56.61
Namibia,56.59
Madagascar,56.59
Zimbabwe,56.56
Democratic Republic of the Congo,56.55
Somalia,56.54
Somalia,56.54
Namibia,56.53
Seychelles,56.46
Seychelles,56.46
Angola,56.44
Sudan,56.43
Niger,56.42
Mauritius,56.4
Botswana,56.39
Guinea,56.37
Madagascar,56.36
Mauritania,56.34
Egypt,56.32
Djibouti,56.32
Cabo Verde,56.32
Niger,56.3
Ghana,56.27
Burundi,56.27
South Sudan,56.25
Algeria,56.16
Somalia,56.14
Zimbabwe,56.13
Namibia,56.1
Namibia,56.1
Cameroon,56.1
Burundi,56.09
Ghana,56.08
Congo,56.08
Ethiopia,56.07
Gabon,56.02
Gabon,56.02
Senegal,56.0
Senegal,56.0
Uganda,55.99
Comoros,55.99
Mali,55.96
Rwanda,55.95
South Africa,55.94
Guinea,55.91
Egypt,55.91
Burundi,55.91
Cabo Verde,55.87
Guinea-Bissau,55.84
Eswatini,55.84
Tanzania,55.82
Tanzania,55.82
Guinea,55.8
Lesotho,55.78
Chad,55.78
Sao Tome and Principe,55.77
Tunisia,55.76
Tunisia,55.76
Somalia,55.76
Mozambique,55.76
Mozambique,55.76
Cameroon,55.76
Angola,55.75
Algeria,55.75
Central African Republic,55.73
Botswana,55.73
Chad,55.7
Central African Republic,55.69
Central African Republic,55.69
Rwanda,55.65
Equatorial Guinea,55.65
Comoros,55.62
Comoros,55.62
Comoros,55.62
Malawi,55.61
Seychelles,55.6
Seychelles,55.6
Malawi,55.6
Ethiopia,55.58
Comoros,55.54
Ethiopia,55.51
Libya,55.5
Madagascar,55.49
Guinea,55.49
Cabo Verde,55.49
Central African Republic,55.48
South Africa,55.46
Algeria,55.46
Cabo Verde,55.45
South Africa,55.42
Tunisia,55.41
Equatorial Guinea,55.4
Senegal,55.39
Senegal,55.39
Cameroon,55.39
Cameroon,55.39
Cameroon,55.39
Eritrea,55.37
Morocco,55.36
Morocco,55.36
Gambia,55.35
Nigeria,55.23
Niger,55.19
Tunisia,55.17
Eswatini,55.16
Equatorial Guinea,55.16
Tanzania,55.09
Niger,55.09
Guinea-Bissau,55.08
Egypt,55.08
Burundi,55.07
Mali,55.06
Mali,55.06
Mali,55.06
Congo,55.03
Rwanda,55.01
Rwanda,55.01
Morocco,54.98
Morocco,54.98
Morocco,54.98
Namibia,54.97
Lesotho,54.96
Cabo Verde,54.92
Cabo Verde,54.88
Cabo Verde,54.88
Cabo Verde,54.88
Algeria,54.88
Algeria,54.88
South Sudan,54.86
Togo,54.85
Tanzania,54.85
Niger,54.85
Niger,54.85
Burundi,54.85
Rwanda,54.83
Mozambique,54.83
Liberia,54.78
Guinea-Bissau,54.78
Sudan,54.77
Cabo Verde,54.75
Namibia,54.71
Ghana,54.7
Sudan,54.63
Uganda,54.62
Botswana,54.62
Central African Republic,54.61
Togo,54.59
Equatorial Guinea,54.57
Equatorial Guinea,54.57
Sudan,54.56
Somalia,54.54
Gabon,54.54
Gabon,54.54
Gabon,54.54
Malawi,54.5
Guinea,54.47
Eritrea,54.45
Benin,54.45
Chad,54.42
Congo,54.41
Congo,54.41
Senegal,54.38
Senegal,54.38
Central African Republic,54.36
Somalia,54.35
Somalia,54.35
Rwanda,54.34
Mauritius,54.34
Algeria,54.34
Seychelles,54.32
Seychelles,54.32
Seychelles,54.32
Ivory Coast,54.29
Congo,54.29
Congo,54.29
Comoros,54.27
Mauritius,54.26
Comoros,54.25
Equatorial Guinea,54.24
Equatorial Guinea,54.24
Congo,54.2
Cameroon,54.19
Cameroon,54.19
Somalia,54.18
Congo,54.18
Algeria,54.18
Namibia,54.16
Madagascar,54.15
Kenya,54.12
Chad,54.11
Seychelles,54.02
Eswatini,54.02
Eswatini,54.02
Tanzania,53.98
Cabo Verde,53.98
Cabo Verde,53.98
Malawi,53.95
Zambia,53.92
Niger,53.92
Burkina Faso,53.91
Burkina Faso,53.91
Angola,53.91
Liberia,53.87
Liberia,53.87
Angola,53.86
Zambia,53.85
Sao Tome and Principe,53.8
Ivory Coast,53.76
Ivory Coast,53.76
Namibia,53.75
Democratic Republic of the Congo,53.74
Burkina Faso,53.74
Zimbabwe,53.73
Ghana,53.72
Benin,53.7
Benin,53.7
Benin,53.7
Zambia,53.68
Tanzania,53.67
Guinea,53.66
Eritrea,53.66
Eritrea,53.66
Mozambique,53.65
Angola,53.64
Zambia,53.61
Zambia,53.61
South Africa,53.6
Sudan,53.58
Mozambique,53.58
Madagascar,53.56
Guinea-Bissau,53.55
Guinea-Bissau,53.55
Eswatini,53.54
Kenya,53.51
Nigeria,53.5
Algeria,53.5
Algeria,53.5
Central African Republic,53.47
Ghana,53.46
Tanzania,53.45
Madagascar,53.45
South Africa,53.43
Senegal,53.42
Sao Tome and Principe,53.41
Gabon,53.39
Seychelles,53.37
Libya,53.27
Senegal,53.26
Mauritania,53.26
Mozambique,53.24
Mozambique,53.24
Madagascar,53.24
Libya,53.24
Liberia,53.24
Liberia,53.24
Malawi,53.22
Burkina Faso,53.21
Zambia,53.2
Ethiopia,53.18
Eswatini,53.18
Comoros,53.18
Togo,53.15
South Sudan,53.14
Namibia,53.14
Tunisia,53.13
Tunisia,53.13
Tunisia,53.13
Somalia,53.01
Mauritania,53.01
Libya,52.97
Cameroon,52.97
Togo,52.96
Eritrea,52.96
Eritrea,52.96
Libya,52.94
South Africa,52.92
Guinea-Bissau,52.91
Libya,52.89
Lesotho,52.85
Central African Republic,52.85
South Africa,52.83
Eswatini,52.83
Central African Republic,52.81
Sao Tome and Principe,52.79
Ethiopia,52.78
Morocco,52.77
Ethiopia,52.77
Eritrea,52.77
Equatorial Guinea,52.76
Zimbabwe,52.74
Zimbabwe,52.74
South Africa,52.74
Sudan,52.7
Togo,52.68
Sierra Leone,52.65
Congo,52.65
Liberia,52.64
Central African Republic,52.61
Burkina Faso,52.6
Zambia,52.58
Eswatini,52.58
Nigeria,52.57
Ivory Coast,52.57
Ivory Coast,52.57
South Sudan,52.55
Mozambique,52.54
Ivory Coast,52.52
Angola,52.52
Eswatini,52.51
Eswatini,52.51
Sao Tome and Principe,52.47
Sao Tome and Principe,52.47
Eritrea,52.44
Eritrea,52.44
South Sudan,52.43
Cabo Verde,52.42
Namibia,52.41
Ivory Coast,52.41
Eritrea,52.41
Zambia,52.36
Namibia,52.36
Egypt,52.36
Madagascar,52.35
Egypt,52.34
Somalia,52.3
Nigeria,52.29
Burundi,52.28
Gabon,52.23
Lesotho,52.2
Burkina Faso,52.2
Ghana,52.19
Madagascar,52.18
Cabo Verde,52.18
Botswana,52.18
Botswana,52.18
Botswana,52.18
Mauritania,52.17
Eritrea,52.17
Ivory Coast,52.13
Ghana,52.13
Tanzania,52.11
Tanzania,52.11
Lesotho,52.11
Burkina Faso,52.11
Benin,52.11
Libya,52.09
Senegal,52.08
Uganda,52.06
Uganda,52.06
Burkina Faso,52.05
Gambia,52.03
Gabon,52.03
Egypt,52.03
Equatorial Guinea,51.99
Equatorial Guinea,51.99
Eswatini,51.97
Botswana,51.97
Guinea,51.95
Sao Tome and Principe,51.93
Sao Tome and Principe,51.93
Comoros,51.91
Burundi,51.91
South Sudan,51.89
Benin,51.89
Zimbabwe,51.86
Zimbabwe,51.86
Cabo Verde,51.85
Tunisia,51.83
Egypt,51.83
Comoros,51.81
Comoros,51.81
Seychelles,51.8
Rwanda,51.8
Egypt,51.78
Madagascar,51.77
Madagascar,51.77
Kenya,51.75
Uganda,51.71
Uganda,51.71
Zimbabwe,51.7
Mauritania,51.69
Madagascar,51.67
Guinea-Bissau,51.67
Ivory Coast,51.65
Sierra Leone,51.64
Chad,51.62
Tunisia,51.61
Tunisia,51.61
Mauritius,51.56
Ghana,51.55
Cabo Verde,51.52
Tanzania,51.48
Guinea,51.43
South Africa,51.41
Sierra Leone,51.41
Sierra Leone,51.4
Ghana,51.4
Seychelles,51.39
Mauritius,51.39
Sudan,51.32
Chad,51.3
Senegal,51.28
Mauritania,51.26
Ethiopia,51.25
Eswatini,51.25
Botswana,51.21
Botswana,51.21
Guinea-Bissau,51.19
Ivory Coast,51.15
Guinea,51.14
Ethiopia,51.12
Cameroon,51.12
Botswana,51.11
Mozambique,51.09
Cameroon,51.09
Cameroon,51.09
Sudan,51.08
Sudan,51.08
Ivory Coast,51.07
Ethiopia,51.07
Uganda,51.03
Chad,51.03
Central African Republic,51.02
Central African Republic,51.02
Gambia,51.0
Algeria,51.0
Gabon,50.99
Benin,50.99
Lesotho,50.97
Rwanda,50.96
Morocco,50.96
Morocco,50.96
Sierra Leone,50.95
Namibia,50.94
Congo,50.92
Democratic Republic of the Congo,50.91
Sudan,50.89
Sudan,50.89
Comoros,50.89
Senegal,50.88
Uganda,50.87
South Africa,50.87
Algeria,50.86
Togo,50.85
Mali,50.82
Djibouti,50.82
Mozambique,50.78
Djibouti,50.74
Benin,50.68
Chad,50.67
Chad,50.67
Namibia,50.63
Kenya,50.59
Cameroon,50.59
Zimbabwe,50.57
Benin,50.55
Senegal,50.5
Sudan,50.48
Sudan,50.48
Comoros,50.48
Comoros,50.48
Ethiopia,50.43
Ethiopia,50.43
Zambia,50.41
Mozambique,50.39
Zambia,50.37
Rwanda,50.36
Rwanda,50.36
Liberia,50.35
Liberia,50.35
Guinea-Bissau,50.34
Ivory Coast,50.28
Benin,50.28
Sao Tome and Principe,50.27
Cabo Verde,50.26
Burkina Faso,50.23
Zambia,50.22
Zambia,50.22
Zambia,50.22
Madagascar,50.17
Equatorial Guinea,50.17
Ethiopia,50.16
Zambia,50.13
Zambia,50.11
Eswatini,50.11
Congo,50.11
Uganda,50.1
Uganda,50.1
Somalia,50.1
Mozambique,50.1
Cameroon,50.1
Botswana,50.08
Gambia,50.06
South Africa,50.0
Congo,49.99
Sierra Leone,49.98
Eritrea,49.98
Eswatini,49.96
South Africa,49.95
Eritrea,49.94
Central African Republic,49.93
Mauritius,49.9
Mauritius,49.9
Central African Republic,49.9
South Sudan,49.88
South Sudan,49.88
Mauritius,49.86
Sao Tome and Principe,49.83
Benin,49.81
Somalia,49.77
Rwanda,49.73
Rwanda,49.73
Rwanda,49.73
Eswatini,49.73
Tunisia,49.7
Angola,49.7
Uganda,49.68
Madagascar,49.64
Gabon,49.6
Egypt,49.6
Egypt,49.6
Ethiopia,49.58
Eswatini,49.58
Zambia,49.56
Uganda,49.56
Liberia,49.53
Congo,49.53
Cabo Verde,49.53
Lesotho,49.51
Libya,49.5
Ivory Coast,49.5
Uganda,49.49
Cabo Verde,49.48
Lesotho,49.46
Togo,49.45
Togo,49.45
Kenya,49.45
Ivory Coast,49.42
Mauritania,49.4
Ghana,49.4
Ghana,49.4
Niger,49.39
Somalia,49.38
Malawi,49.36
Guinea-Bissau,49.32
Egypt,49.32
Uganda,49.31
Senegal,49.31
Mauritius,49.31
Tunisia,49.28
Tunisia,49.28
Nigeria,49.28
Burkina Faso,49.28
Mozambique,49.26
Djibouti,49.26
South Africa,49.22
Senegal,49.22
Morocco,49.21
Egypt,49.2
Gambia,49.18
Cameroon,49.16
Ivory Coast,49.13
Ivory Coast,49.13
Central African Republic,49.13
Central African Republic,49.13
Liberia,49.12
Equatorial Guinea,49.12
Equatorial Guinea,49.12
Central African Republic,49.12
Namibia,49.11
Central African Republic,49.09
Central African Republic,49.09
Cameroon,49.08
Lesotho,49.07
Democratic Republic of the Congo,49.07
Senegal,49.05
Senegal,49.05
Mali,49.04
Niger,49.02
Mozambique,49.01
Namibia,48.99
Mauritius,48.97
Zimbabwe,48.96
Tunisia,48.95
Congo,48.95
Congo,48.95
Algeria,48.94
Sao Tome and Principe,48.91
Sao Tome and Principe,48.91
Sao Tome and Principe,48.91
Botswana,48.91
Eritrea,48.9
Central African Republic,48.84
Tanzania,48.81
Mali,48.79
Mali,48.79
Eswatini,48.77
Democratic Republic of the Congo,48.73
Togo,48.72
Malawi,48.71
South Africa,48.7
Liberia,48.69
Algeria,48.67
Algeria,48.66
Kenya,48.61
Namibia,48.6
Namibia,48.6
Namibia,48.6
Ivory Coast,48.59
Ivory Coast,48.59
Guinea,48.58
Zimbabwe,48.57
Zimbabwe,48.57
Ghana,48.56
Eritrea,48.56
Lesotho,48.55
Lesotho,48.55
Zimbabwe,48.51
Togo,48.5
Sao Tome and Principe,48.5
Lesotho,48.49
Lesotho,48.49
Lesotho,48.49
Djibouti,48.49
Tunisia,48.48
Tunisia,48.48
Burundi,48.46
Kenya,48.45
Kenya,48.45
Kenya,48.45
Liberia,48.43
Liberia,48.43
Equatorial Guinea,48.43
Congo,48.43
South Sudan,48.4
Botswana,48.4
Guinea-Bissau,48.39
Guinea-Bissau,48.39
Gabon,48.38
Gabon,48.38
Sudan,48.37
Sudan,48.37
Burkina Faso,48.37
Eritrea,48.36
Benin,48.36
Sao Tome and Principe,48.34
Congo,48.33
Libya,48.32
Guinea-Bissau,48.32
Tanzania,48.29
Chad,48.29
Chad,48.29
Botswana,48.28
Gabon,48.27
Cameroon,48.27
Morocco,48.24
Mauritius,48.24
Libya,48.23
Tunisia,48.2
Mauritius,48.2
Eritrea,48.2
Senegal,48.17
Benin,48.17
Benin,48.17
Senegal,48.16
Libya,48.16
Ivory Coast,48.16
Liberia,48.1
Liberia,48.1
Lesotho,48.09
Libya,48.08
Seychelles,48.04
Congo,48.03
Congo,48.03
Tanzania,48.02
Burkina Faso,47.97
Kenya,47.9
Kenya,47.9
Morocco,47.89
Zimbabwe,47.88
Zimbabwe,47.87
Mali,47.85
Morocco,47.81
Cabo Verde,47.81
Zimbabwe,47.79
Seychelles,47.76
Eswatini,47.75
Botswana,47.75
Niger,47.71
Niger,47.71
Cameroon,47.7
Cameroon,47.7
Guinea,47.69
Djibouti,47.66
Djibouti,47.66
Sao Tome and Principe,47.65
Ghana,47.65
Liberia,47.64
Liberia,47.64
Gabon,47.62
Liberia,47.61
Kenya,47.6
Mali,47.58
Ethiopia,47.56
Egypt,47.55
Algeria,47.54
Morocco,47.52
Morocco,47.52
Morocco,47.52
Eritrea,47.5
Eritrea,47.5
Cameroon,47.5
Seychelles,47.48
Morocco,47.46
Congo,47.46
Congo,47.46
Chad,47.46
Tunisia,47.42
Guinea-Bissau,47.42
Tanzania,47.41
Tanzania,47.41
Gabon,47.4
Sierra Leone,47.37
Djibouti,47.34
Eritrea,47.29
Eritrea,47.29
Guinea-Bissau,47.27
Burkina Faso,47.24
Eritrea,47.22
Tanzania,47.2
Tanzania,47.2
Libya,47.19
Congo,47.19
Zimbabwe,47.15
Nigeria,47.12
Djibouti,47.1
Eritrea,47.09
Cabo Verde,47.09
Mozambique,47.07
Guinea-Bissau,47.03
Guinea,47.02
Kenya,46.99
Chad,46.98
Mauritius,46.96
Mauritius,46.96
Mauritius,46.96
Mali,46.96
Eswatini,46.96
Eswatini,46.96
Mauritania,46.9
Mauritania,46.9
Egypt,46.9
Mali,46.88
Cabo Verde,46.86
Mozambique,46.83
Sudan,46.79
Mauritius,46.79
Nigeria,46.75
Rwanda,46.72
Niger,46.67
Angola,46.66
Angola,46.66
Mauritius,46.63
Burundi,46.62
Burundi,46.62
Chad,46.61
Tunisia,46.6
Nigeria,46.59
Ghana,46.58
Togo,46.5
Somalia,46.5
Cabo Verde,46.5
Eritrea,46.48
Mauritania,46.45
Malawi,46.45
Malawi,46.45
Eswatini,46.42
Eswatini,46.42
Eswatini,46.42
Eritrea,46.42
Uganda,46.38
Kenya,46.37
Mauritania,46.36
Angola,46.34
Angola,46.34
Madagascar,46.33
Tanzania,46.32
Gambia,46.32
Guinea-Bissau,46.29
Guinea-Bissau,46.29
Comoros,46.29
Niger,46.27
Tanzania,46.26
Ethiopia,46.24
Angola,46.24
Angola,46.24
Angola,46.24
Chad,46.23
Congo,46.22
Kenya,46.19
Democratic Republic of the Congo,46.19
Zimbabwe,46.17
Mozambique,46.17
Morocco,46.16
Morocco,46.16
Democratic Republic of the Congo,46.11
Sudan,46.1
Ivory Coast,46.1
Ivory Coast,46.1
Sudan,46.09
Morocco,46.08
Morocco,46.08
Mozambique,46.07
Gambia,46.04
Lesotho,46.03
Ivory Coast,46.01
Egypt,45.99
Sao Tome and Principe,45.95
Sao Tome and Principe,45.95
Morocco,45.95
Morocco,45.95
Morocco,45.95
Eswatini,45.94
Tanzania,45.87
Tanzania,45.87
Tanzania,45.87
Benin,45.85
Benin,45.85
Zambia,45.83
Sudan,45.83
Madagascar,45.79
Madagascar,45.79
Seychelles,45.78
Seychelles,45.78
Lesotho,45.78
Gambia,45.78
Burundi,45.77
South Sudan,45.76
Tunisia,45.75
Tunisia,45.75
Zimbabwe,45.74
Senegal,45.74
Congo,45.73
Congo,45.73
Guinea-Bissau,45.71
Guinea,45.68
Guinea,45.68
Gabon,45.65
Angola,45.65
Congo,45.62
Niger,45.59
Sao Tome and Principe,45.58
Morocco,45.58
Tunisia,45.55
Kenya,45.53
Guinea-Bissau,45.5
Mali,45.48
Sudan,45.47
Guinea,45.46
Cabo Verde,45.44
Ethiopia,45.4
Congo,45.39
Eritrea,45.37
Eritrea,45.37
Mauritius,45.36
Ghana,45.36
Ghana,45.36
Tanzania,45.33
Namibia,45.33
Namibia,45.33
Guinea,45.33
Cameroon,45.32
Malawi,45.3
Malawi,45.3
Cameroon,45.3
Togo,45.28
South Sudan,45.27
Algeria,45.22
Sao Tome and Principe,45.19
Morocco,45.18
Morocco,45.18
Cabo Verde,45.16
Sudan,45.15
Niger,45.15
Togo,45.14
Togo,45.14
Mozambique,45.12
Mozambique,45.12
Cameroon,45.11
Madagascar,45.09
Madagascar,45.09
South Sudan,45.08
Angola,45.08
Comoros,45.07
Gambia,45.06
Cameroon,45.06
Gambia,45.02
Congo,45.02
Somalia,45.0
South Sudan,44.99
South Sudan,44.99
South Sudan,44.99
Nigeria,44.98
Congo,44.97
Botswana,44.96
Liberia,44.91
Burkina Faso,44.91
Comoros,44.9
Uganda,44.87
Uganda,44.87
South Sudan,44.87
Burundi,44.86
Burundi,44.86
Burundi,44.86
Guinea-Bissau,44.85
Comoros,44.85
Comoros,44.85
Central African Republic,44.83
Egypt,44.8
Ghana,44.79
Ghana,44.79
Egypt,44.79
Egypt,44.79
Sudan,44.78
Liberia,44.78
Tunisia,44.77
Benin,44.77
Eritrea,44.75
Nigeria,44.73
Madagascar,44.73
Namibia,44.72
Mauritius,44.71
South Africa,44.68
South Africa,44.68
Chad,44.66
Mozambique,44.63
South Sudan,44.59
South Sudan,44.59
Comoros,44.59
Mozambique,44.57
Mozambique,44.57
Mozambique,44.57
Comoros,44.57
Uganda,44.56
Democratic Republic of the Congo,44.56
Democratic Republic of the Congo,44.56
Cabo Verde,44.55
Namibia,44.51
Uganda,44.48
Sierra Leone,44.48
Lesotho,44.48
Ivory Coast,44.48
Uganda,44.47
Benin,44.45
Central African Republic,44.43
Nigeria,44.42
Malawi,44.42
Lesotho,44.34
Botswana,44.33
Malawi,44.32
Namibia,44.31
Namibia,44.31
Seychelles,44.3
Ethiopia,44.3
Mauritania,44.29
Lesotho,44.29
Lesotho,44.29
Angola,44.29
Malawi,44.28
Guinea-Bissau,44.27
Djibouti,44.23
Djibouti,44.23
Djibouti,44.23
Gambia,44.22
Kenya,44.21
Eswatini,44.21
Namibia,44.18
Angola,44.16
Senegal,44.15
Senegal,44.15
Senegal,44.15
Guinea,44.13
Chad,44.13
Liberia,44.11
Morocco,44.07
Morocco,44.07
Mali,44.07
Mali,44.07
Congo,44.06
Congo,44.06
Rwanda,43.98
Rwanda,43.98
Rwanda,43.98
Rwanda,43.97
Mauritania,43.97
Rwanda,43.96
Angola,43.91
Sao Tome and Principe,43.83
Guinea,43.83
Sao Tome and Principe,43.82
Namibia,43.81
Rwanda,43.8
Uganda,43.79
Madagascar,43.68
Comoros,43.63
Sudan,43.6
Guinea,43.59
Liberia,43.56
Morocco,43.54
Morocco,43.54
Niger,43.53
Equatorial Guinea,43.53
Sudan,43.5
Sudan,43.5
Burkina Faso,43.49
Senegal,43.44
Ghana,43.4
Chad,43.4
Madagascar,43.37
Madagascar,43.37
Burkina Faso,43.37
Libya,43.35
Libya,43.35
Mauritania,43.32
Somalia,43.3
Nigeria,43.3
Uganda,43.27
Ghana,43.27
Namibia,43.25
Rwanda,43.24
Mozambique,43.22
Seychelles,43.19
Central African Republic,43.15
Central African Republic,43.15
Gambia,43.14
Burkina Faso,43.13
Djibouti,43.11
Senegal,43.08
Comoros,43.08
Egypt,43.06
Cameroon,43.04
Ethiopia,43.03
Mauritius,43.02
Mauritius,43.02
Guinea-Bissau,43.02
Djibouti,42.97
Comoros,42.97
Djibouti,42.96
Gabon,42.95
Gabon,42.95
Sao Tome and Principe,42.93
Sao Tome and Principe,42.93
Lesotho,42.92
South Sudan,42.91
Ghana,42.9
Zambia,42.88
Guinea-Bissau,42.88
Niger,42.84
Namibia,42.83
Guinea-Bissau,42.82
Guinea-Bissau,42.82
Somalia,42.81
Algeria,42.78
Nigeria,42.77
Nigeria,42.77
Benin,42.77
Zambia,42.76
Congo,42.75
Uganda,42.71
Benin,42.71
Benin,42.71
Zambia,42.68
Comoros,42.68
Comoros,42.68
Libya,42.65
South Sudan,42.61
Ghana,42.6
Congo,42.6
Uganda,42.58
Congo,42.58
Congo,42.58
Nigeria,42.56
Central African Republic,42.56
Burkina Faso,42.56
Burkina Faso,42.56
Eritrea,42.55
Seychelles,42.53
Seychelles,42.53
Namibia,42.53
Namibia,42.53
Somalia,42.5
Angola,42.49
Cameroon,42.46
South Sudan,42.45
Guinea-Bissau,42.42
Cabo Verde,42.42
Cabo Verde,42.42
Lesotho,42.41
Gambia,42.39
Congo,42.37
Tunisia,42.35
Zambia,42.34
Uganda,42.31
Uganda,42.31
Nigeria,42.3
Tanzania,42.28
Chad,42.26
Cabo Verde,42.23
Egypt,42.21
Mauritius,42.19
Ethiopia,42.19
Djibouti,42.18
Botswana,42.18
South Africa,42.13
Tunisia,42.12
Uganda,42.07
Uganda,42.07
Guinea-Bissau,42.06
Guinea-Bissau,42.06
Central African Republic,42.06
Zambia,42.05
Zambia,42.03
Cameroon,42.0
Tanzania,41.94
Tanzania,41.94
Democratic Republic of the Congo,41.94
Burundi,41.94
Seychelles,41.92
Lesotho,41.91
Nigeria,41.9
South Africa,41.88
Libya,41.88
South Africa,41.85
Gambia,41.85
Djibouti,41.84
Cameroon,41.82
Seychelles,41.81
South Africa,41.8
South Africa,41.8
Kenya,41.8
Senegal,41.77
Senegal,41.77
Congo,41.76
Togo,41.74
Togo,41.74
Egypt,41.73
Egypt,41.73
Congo,41.72
Congo,41.68
Zambia,41.67
Sao Tome and Principe,41.65
Djibouti,41.61
Senegal,41.58
Senegal,41.56
Cameroon,41.55
Cameroon,41.55
Cameroon,41.54
Zambia,41.53
Sao Tome and Principe,41.53
Mali,41.53
Burundi,41.53
Burundi,41.49
Burundi,41.49
Uganda,41.47
Burkina Faso,41.47
Malawi,41.45
Malawi,41.45
Niger,41.41
Central African Republic,41.41
Gabon,41.39
Sao Tome and Principe,41.36
Ethiopia,41.36
Ethiopia,41.35
Morocco,41.33
Morocco,41.33
Lesotho,41.33
Egypt,41.33
Egypt,41.33
Mauritius,41.31
Benin,41.31
Mauritius,41.28
South Africa,41.27
Uganda,41.26
Madagascar,41.25
Lesotho,41.25
Ethiopia,41.24
Eritrea,41.24
Central African Republic,41.21
Burkina Faso,41.21
Cameroon,41.2
Eswatini,41.17
Tunisia,41.16
Gambia,41.16
Seychelles,41.12
Sao Tome and Principe,41.12
Rwanda,41.12
Burkina Faso,41.1
Gambia,41.08
Central African Republic,41.08
Uganda,41.06
Liberia,41.03
Angola,41.01
Ivory Coast,40.99
Morocco,40.97
Burkina Faso,40.97
Malawi,40.96
Guinea-Bissau,40.96
South Africa,40.95
Central African Republic,40.94
Central African Republic,40.94
Zambia,40.91
Eritrea,40.85
South Sudan,40.84
Lesotho,40.84
Zimbabwe,40.83
Lesotho,40.81
Lesotho,40.81
Sao Tome and Principe,40.8
Rwanda,40.8
Nigeria,40.78
Cabo Verde,40.76
Cabo Verde,40.75
Mauritius,40.73
Sudan,40.71
Togo,40.69
Senegal,40.69
Somalia,40.64
Burkina Faso,40.64
Comoros,40.59
Kenya,40.57
Egypt,40.57
Egypt,40.57
Djibouti,40.56
Tanzania,40.53
Gabon,40.53
Angola,40.53
Angola,40.53
Tunisia,40.52
Libya,40.52
Benin,40.52
South Sudan,40.51
Congo,40.51
Guinea-Bissau,40.46
Libya,40.43
Malawi,40.38
Malawi,40.38
Madagascar,40.38
Tanzania,40.37
Gambia,40.37
Gambia,40.37
Burkina Faso,40.33
Kenya,40.31
Benin,40.3
Algeria,40.28
Zimbabwe,40.26
Somalia,40.26
Somalia,40.26
Nigeria,40.26
Egypt,40.25
Egypt,40.25
Seychelles,40.24
Seychelles,40.24
Tunisia,40.21
Tunisia,40.21
Niger,40.19
Tunisia,40.15
Equatorial Guinea,40.11
Equatorial Guinea,40.11
Kenya,40.1
Liberia,40.08
Tunisia,40.07
Ivory Coast,40.01
Ivory Coast,40.01
Lesotho,39.99
Sao Tome and Principe,39.95
Mauritius,39.94
Gambia,39.89
Egypt,39.88
Madagascar,39.87
Eritrea,39.86
Eritrea,39.86
Algeria,39.86
Comoros,39.83
Liberia,39.81
Gabon,39.81
Gabon,39.81
Morocco,39.79
Djibouti,39.79
Comoros,39.79
Comoros,39.79
Mozambique,39.76
Zambia,39.74
Libya,39.72
Liberia,39.72
Kenya,39.72
Somalia,39.68
Mali,39.67
Madagascar,39.66
Nigeria,39.64
Nigeria,39.64
Morocco,39.64
Ghana,39.62
Mozambique,39.6
Mozambique,39.6
Mali,39.58
Algeria,39.58
Congo,39.57
Central African Republic,39.55
Togo,39.54
Togo,39.54
Niger,39.54
Mauritania,39.54
Mauritania,39.54
Mauritania,39.54
Madagascar,39.53
Sierra Leone,39.43
Ghana,39.42
Comoros,39.42
Mauritius,39.39
Mauritius,39.39
Somalia,39.38
Sierra Leone,39.38
Ghana,39.37
Ghana,39.37
Sierra Leone,39.35
Sierra Leone,39.35
Uganda,39.32
Gambia,39.32
Cameroon,39.31
Togo,39.3
South Sudan,39.24
Comoros,39.23
Comoros,39.23
Congo,39.21
Lesotho,39.2
Cabo Verde,39.19
Seychelles,39.17
Seychelles,39.17
Eswatini,39.17
Djibouti,39.17
Mali,39.16
Eritrea,39.16
Rwanda,39.14
Congo,39.13
Tunisia,39.12
Mali,39.11
Central African Republic,39.1
Burundi,39.02
Tanzania,39.01
Burundi,39.0
Sudan,38.96
South Africa,38.93
Mali,38.92
Chad,38.92
Chad,38.92
Malawi,38.9
Botswana,38.86
Sierra Leone,38.84
Madagascar,38.81
Rwanda,38.8
Rwanda,38.8
Chad,38.76
Tanzania,38.75
Tanzania,38.75
Tanzania,38.75
Eswatini,38.75
Sudan,38.71
Central African Republic,38.7
Central African Republic,38.7
Mali,38.69
Lesotho,38.68
Somalia,38.67
Somalia,38.67
Ethiopia,38.67
Algeria,38.66
Algeria,38.66
Guinea,38.65
Chad,38.65
Chad,38.65
Chad,38.65
Cameroon,38.63
Tunisia,38.59
Sao Tome and Principe,38.59
Niger,38.59
Lesotho,38.59
Burundi,38.59
Burundi,38.59
Burkina Faso,38.58
Sao Tome and Principe,38.57
Sudan,38.54
Mozambique,38.54
Egypt,38.53
Nigeria,38.52
Mauritius,38.49
Zimbabwe,38.45
Madagascar,38.44
Sierra Leone,38.37
Lesotho,38.37
Lesotho,38.37
Gambia,38.36
Gambia,38.36
Burundi,38.34
Mali,38.33
Sierra Leone,38.3
Cameroon,38.3
Mali,38.28
Niger,38.27
Burundi,38.26
Burundi,38.26
South Sudan,38.24
South Sudan,38.24
Malawi,38.23
Ivory Coast,38.22
South Africa,38.2
South Africa,38.2
Ethiopia,38.15
Lesotho,38.14
Kenya,38.13
Niger,38.09
Malawi,38.08
Niger,38.06
Nigeria,38.04
Senegal,38.01
Congo,38.01
Sao Tome and Principe,37.95
Nigeria,37.92
Guinea,37.92
Guinea,37.92
Cabo Verde,37.92
Cabo Verde,37.92
Burundi,37.9
Namibia,37.89
Eritrea,37.89
Eritrea,37.89
Eritrea,37.89
Morocco,37.87
South Sudan,37.82
Ivory Coast,37.82
Mali,37.81
Mali,37.81
Zambia,37.79
Ethiopia,37.79
Ethiopia,37.79
Cameroon,37.74
Namibia,37.73
Namibia,37.73
Niger,37.72
Guinea,37.72
Cameroon,37.7
Botswana,37.7
Eswatini,37.69
Burundi,37.69
Namibia,37.68
Mali,37.68
Sao Tome and Principe,37.64
Equatorial Guinea,37.63
Democratic Republic of the Congo,37.61
Seychelles,37.57
Ghana,37.57
Ghana,37.57
Togo,37.56
Kenya,37.56
Libya,37.55
Libya,37.55
Eswatini,37.55
Senegal,37.54
Namibia,37.54
Mauritania,37.54
Ivory Coast,37.54
Senegal,37.48
Senegal,37.48
Malawi,37.48
Lesotho,37.48
Morocco,37.47
Mozambique,37.46
Somalia,37.43
South Africa,37.41
Mauritania,37.37
Mauritania,37.37
Malawi,37.37
Malawi,37.37
Gabon,37.36
Chad,37.36
South Sudan,37.34
Mali,37.34
Mali,37.34
South Africa,37.33
Tunisia,37.28
Chad,37.26
Ethiopia,37.25
Sao Tome and Principe,37.22
Eritrea,37.22
Ivory Coast,37.19
Burkina Faso,37.19
Libya,37.17
Mozambique,37.14
Mozambique,37.14
Sudan,37.1
Guinea-Bissau,37.09
Zambia,37.06
Comoros,37.02
Guinea,36.99
Guinea,36.99
Burundi,36.93
Niger,36.92
Botswana,36.9
Mali,36.89
Guinea,36.88
Sao Tome and Principe,36.86
Sao Tome and Principe,36.86
Ghana,36.86
Ghana,36.86
Botswana,36.86
Gabon,36.82
Ivory Coast,36.8
Uganda,36.78
Ethiopia,36.76
Cameroon,36.76
Libya,36.75
Gambia,36.73
Botswana,36.64
Tanzania,36.58
Morocco,36.56
Egypt,36.54
Botswana,36.53
Mauritius,36.52
Mauritius,36.52
Morocco,36.49
Madagascar,36.49
Madagascar,36.49
Cameroon,36.48
Djibouti,36.47
Tanzania,36.46
Ivory Coast,36.46
Congo,36.46
Burkina Faso,36.44
Morocco,36.42
Algeria,36.42
Mozambique,36.36
Lesotho,36.35
Burundi,36.33
Burundi,36.33
Malawi,36.32
Sierra Leone,36.3
Seychelles,36.28
Eswatini,36.27
Eswatini,36.27
Mauritania,36.25
Namibia,36.24
Eritrea,36.24
Eritrea,36.23
Senegal,36.17
Senegal,36.17
Togo,36.13
Congo,36.11
Congo,36.11
Equatorial Guinea,36.1
Sierra Leone,36.09
Guinea-Bissau,36.04
Togo,36.01
Morocco,35.99
Liberia,35.98
Tunisia,35.94
Kenya,35.93
Botswana,35.9
South Sudan,35.89
Sierra Leone,35.88
Morocco,35.85
Ethiopia,35.82
Democratic Republic of the Congo,35.8
Sierra Leone,35.79
Sierra Leone,35.79
Mali,35.77
Djibouti,35.76
Seychelles,35.75
Gabon,35.72
Djibouti,35.72
Uganda,35.71
Chad,35.71
Mauritania,35.69
Botswana,35.67
Ivory Coast,35.65
Rwanda,35.62
Burundi,35.62
Mauritius,35.58
Tunisia,35.51
Nigeria,35.51
Niger,35.51
Niger,35.51
Niger,35.51
Niger,35.51
Congo,35.5
Congo,35.5
Eswatini,35.49
Chad,35.45
Ghana,35.43
Ghana,35.43
Cameroon,35.39
Zambia,35.38
Botswana,35.35
Botswana,35.35
Liberia,35.33
Guinea-Bissau,35.33
Tanzania,35.32
Benin,35.32
Equatorial Guinea,35.29
Sudan,35.26
Sudan,35.26
Congo,35.26
Botswana,35.26
Namibia,35.25
Libya,35.25
Togo,35.22
Zambia,35.21
Burundi,35.21
Burundi,35.21
Uganda,35.19
Comoros,35.17
Ghana,35.15
Central African Republic,35.15
Egypt,35.14
Senegal,35.13
Botswana,35.12
Zambia,35.08
Sao Tome and Principe,35.07
Liberia,35.06
Egypt,35.03
Senegal,34.99
Egypt,34.99
Senegal,34.95
Central African Republic,34.94
Sudan,34.9
Ethiopia,34.9
Ethiopia,34.9
Democratic Republic of the Congo,34.9
Democratic Republic of the Congo,34.9
Democratic Republic of the Congo,34.89
Ghana,34.86
Ghana,34.86
Kenya,34.85
Botswana,34.85
Mauritius,34.83
Egypt,34.83
Egypt,34.82
Togo,34.81
Lesotho,34.81
Morocco,34.8
Morocco,34.8
Ivory Coast,34.8
Botswana,34.8
Namibia,34.78
Guinea,34.77
Comoros,34.77
Comoros,34.77
Egypt,34.7
Cameroon,34.7
Ivory Coast,34.67
Guinea-Bissau,34.67
Somalia,34.62
Angola,34.59
Angola,34.59
Niger,34.58
Liberia,34.57
Liberia,34.57
Egypt,34.57
Cabo Verde,34.57
Burkina Faso,34.53
Ghana,34.52
Angola,34.52
Malawi,34.49
Zimbabwe,34.48
Zimbabwe,34.48
Congo,34.43
Ghana,34.42
Ghana,34.42
Angola,34.41
Rwanda,34.37
Chad,34.35
South Sudan,34.29
South Sudan,34.29
Tunisia,34.28
Algeria,34.28
Ghana,34.27
Guinea-Bissau,34.26
Burundi,34.26
Algeria,34.26
Botswana,34.24
South Sudan,34.2
Democratic Republic of the Congo,34.19
Chad,34.18
Guinea-Bissau,34.17
Comoros,34.15
Cameroon,34.15
Cameroon,34.13
Congo,34.12
Cameroon,34.12
Sudan,34.11
Ivory Coast,34.08
Gambia,34.07
Togo,34.04
Mozambique,34.03
Mauritania,34.02
Mali,34.0
Zimbabwe,33.99
Zimbabwe,33.99
Liberia,33.96
Liberia,33.96
Cabo Verde,33.94
Sudan,33.92
Uganda,33.91
Rwanda,33.9
Rwanda,33.9
Rwanda,33.9
Liberia,33.88
Zambia,33.86
Namibia,33.86
Algeria,33.85
Botswana,33.83
Namibia,33.8
Mauritius,33.8
Mauritius,33.8
Botswana,33.79
Sudan,33.77
Madagascar,33.77
Rwanda,33.73
Rwanda,33.73
Guinea,33.73
Algeria,33.71
Algeria,33.71
Gambia,33.69
Gambia,33.69
Togo,33.66
Togo,33.66
Ethiopia,33.66
Ethiopia,33.66
Botswana,33.66
Botswana,33.66
Libya,33.65
Equatorial Guinea,33.65
Comoros,33.65
Mauritania,33.62
Burkina Faso,33.62
Ghana,33.61
Sudan,33.58
Burkina Faso,33.57
Uganda,33.56
Sao Tome and Principe,33.56
Algeria,33.56
Gabon,33.55
Gabon,33.55
Sierra Leone,33.54
Sierra Leone,33.54
Sierra Leone,33.54
Tunisia,33.53
Tunisia,33.53
Botswana,33.53
Togo,33.52
Togo,33.52
South Sudan,33.52
Eswatini,33.51
Djibouti,33.51
Zimbabwe,33.47
Nigeria,33.47
Angola,33.46
Rwanda,33.42
Sudan,33.39
Eritrea,33.38
Benin,33.36
Equatorial Guinea,33.3
Guinea-Bissau,33.29
Guinea-Bissau,33.29
Algeria,33.28
Equatorial Guinea,33.27
Botswana,33.26
Niger,33.25
Ethiopia,33.25
Eritrea,33.23
Sudan,33.22
Zimbabwe,33.19
Nigeria,33.19
Nigeria,33.19
Tanzania,33.16
Djibouti,33.15
Djibouti,33.15
Lesotho,33.13
Zambia,33.11
Comoros,33.1
Madagascar,33.08
Democratic Republic of the Congo,33.08
Comoros,33.08
Egypt,33.07
Chad,33.07
Sierra Leone,33.05
Mali,32.99
Chad,32.97
Chad,32.97
Nigeria,32.94
Nigeria,32.94
Somalia,32.93
Chad,32.85
Zambia,32.81
Somalia,32.77
Zimbabwe,32.75
Sierra Leone,32.75
Sierra Leone,32.75
Ghana,32.74
Botswana,32.74
Botswana,32.74
Gambia,32.72
Nigeria,32.69
Equatorial Guinea,32.69
Cabo Verde,32.69
Cabo Verde,32.65
Cabo Verde,32.65
Uganda,32.63
Burundi,32.61
Benin,32.59
Congo,32.58
Kenya,32.56
Togo,32.53
Cameroon,32.53
Guinea-Bissau,32.47
Cameroon,32.47
Eritrea,32.46
Mali,32.44
Gabon,32.42
Eritrea,32.4
Eritrea,32.4
Ethiopia,32.36
Ethiopia,32.36
Senegal,32.35
Sao Tome and Principe,32.35
Sao Tome and Principe,32.35
Congo,32.35
Cabo Verde,32.34
Somalia,32.31
Burkina Faso,32.3
Burkina Faso,32.3
South Sudan,32.29
Zambia,32.27
Nigeria,32.27
Botswana,32.25
Lesotho,32.23
Mauritania,32.22
Congo,32.21
Mozambique,32.19
Malawi,32.19
Eritrea,32.17
Egypt,32.11
Liberia,32.1
Liberia,32.1
Gambia,32.08
Niger,32.05
Seychelles,32.02
Egypt,32.0
Uganda,31.95
Eswatini,31.9
Tanzania,31.89
Comoros,31.89
Mozambique,31.88
Djibouti,31.88
Ivory Coast,31.87
Malawi,31.86
Malawi,31.86
Sao Tome and Principe,31.85
Niger,31.84
Niger,31.84
Mauritania,31.83
Mauritania,31.83
Niger,31.82
Eritrea,31.81
Rwanda,31.8
Chad,31.8
Sao Tome and Principe,31.79
Lesotho,31.79
Kenya,31.79
Gabon,31.79
Cabo Verde,31.79
Cabo Verde,31.79
Liberia,31.77
Democratic Republic of the Congo,31.76
Lesotho,31.74
Djibouti,31.74
Equatorial Guinea,31.73
Ghana,31.72
Cabo Verde,31.72
Madagascar,31.7
Madagascar,31.7
Somalia,31.69
Zimbabwe,31.66
Namibia,31.66
Tunisia,31.65
Ivory Coast,31.65
Uganda,31.64
Uganda,31.64
Namibia,31.64
Botswana,31.63
Botswana,31.63
Mozambique,31.57
Eswatini,31.57
Gambia,31.55
Seychelles,31.54
Libya,31.52
Eritrea,31.48
Congo,31.47
Sudan,31.46
Tanzania,31.44
Mauritania,31.43
Gambia,31.41
Gambia,31.41
Burkina Faso,31.41
Gambia,31.39
Kenya,31.35
Mali,31.31
Nigeria,31.3
Eswatini,31.28
Eswatini,31.28
Eswatini,31.27
Eswatini,31.27
Gabon,31.25
Madagascar,31.23
Zimbabwe,31.2
Benin,31.19
Madagascar,31.18
Lesotho,31.17
Congo,31.15
Congo,31.15
Comoros,31.13
Seychelles,31.1
Niger,31.1
Egypt,31.07
Egypt,31.07
Lesotho,31.03
Sudan,31.02
South Sudan,31.02
Rwanda,31.0
Algeria,31.0
Central African Republic,30.99
Gabon,30.94
Tunisia,30.93
Tunisia,30.93
Mali,30.92
Namibia,30.9
Botswana,30.9
Guinea-Bissau,30.87
Gambia,30.87
South Africa,30.86
South Africa,30.86
Gambia,30.86
Gambia,30.86
South Sudan,30.85
Central African Republic,30.84
South Africa,30.83
Democratic Republic of the Congo,30.82
Rwanda,30.81
Gabon,30.77
Gabon,30.77
Tanzania,30.71
Namibia,30.7
Namibia,30.7
Comoros,30.7
Burkina Faso,30.7
Libya,30.68
Ghana,30.67
Zambia,30.66
Zambia,30.66
Congo,30.66
Rwanda,30.62
Benin,30.61
Somalia,30.6
Niger,30.58
Niger,30.58
Niger,30.56
Mali,30.55
Kenya,30.55
Botswana,30.55
Cameroon,30.54
Chad,30.51
Ethiopia,30.48
Chad,30.48
Burundi,30.46
Central African Republic,30.43
Lesotho,30.41
South Sudan,30.4
Cabo Verde,30.37
Zimbabwe,30.34
Burkina Faso,30.3
Burundi,30.26
Sao Tome and Principe,30.25
Cabo Verde,30.24
Djibouti,30.23
Zambia,30.22
Comoros,30.2
Tunisia,30.16
Central African Republic,30.13
Zambia,30.1
Central African Republic,30.1
Sao Tome and Principe,30.06
Sao Tome and Principe,30.06
Cameroon,30.06
Algeria,30.06
Guinea-Bissau,30.04
Ghana,30.04
Mauritania,30.03
Kenya,30.02
Kenya,30.02
Sudan,30.01
Libya,30.01
Ivory Coast,30.0
Ivory Coast,30.0
Malawi,29.99
Central African Republic,29.99
Tunisia,29.96
Equatorial Guinea,29.95
Benin,29.94
Ivory Coast,29.92
Uganda,29.91
Uganda,29.91
Lesotho,29.88
Equatorial Guinea,29.86
Namibia,29.84
Kenya,29.84
Cameroon,29.84
Cameroon,29.84
Cameroon,29.84
Togo,29.82
Guinea-Bissau,29.82
Benin,29.82
Central African Republic,29.81
Central African Republic,29.81
Kenya,29.76
Zimbabwe,29.73
Zimbabwe,29.73
Angola,29.71
Mali,29.7
Morocco,29.69
Gambia,29.69
Gambia,29.69
Mauritius,29.66
Senegal,29.65
Zambia,29.6
Sudan,29.6
Lesotho,29.6
Lesotho,29.6
Burkina Faso,29.6
Uganda,29.59
Uganda,29.59
Tunisia,29.59
Tunisia,29.59
Madagascar,29.58
Burundi,29.58
Benin,29.58
Benin,29.57
Mozambique,29.56
Mozambique,29.56
Equatorial Guinea,29.56
Morocco,29.54
Tunisia,29.51
Cameroon,29.51
Senegal,29.48
Rwanda,29.48
Gabon,29.44
Ethiopia,29.42
Comoros,29.41
Chad,29.4
Mauritania,29.36
Mali,29.36
Eswatini,29.32
Mozambique,29.31
Senegal,29.3
Senegal,29.3
Algeria,29.3
Niger,29.27
Niger,29.27
Mali,29.25
Rwanda,29.24
Algeria,29.21
Algeria,29.21
Eritrea,29.18
Djibouti,29.17
Eswatini,29.16
Eswatini,29.16
South Africa,29.13
Togo,29.12
Togo,29.12
Sierra Leone,29.11
Togo,29.08
Burkina Faso,29.07
South Africa,29.02
Mali,29.02
Ivory Coast,29.01
Somalia,28.99
Guinea-Bissau,28.98
Angola,28.98
Angola,28.98
Tanzania,28.97
South Sudan,28.97
Sierra Leone,28.94
Guinea-Bissau,28.94
Kenya,28.91
Angola,28.91
Kenya,28.86
Benin,28.85
Benin,28.85
Niger,28.84
Benin,28.83
Equatorial Guinea,28.82
Djibouti,28.82
Egypt,28.8
Tunisia,28.77
Togo,28.77
Cabo Verde,28.77
Kenya,28.76
Lesotho,28.75
South Africa,28.74
Liberia,28.74
Gabon,28.74
Chad,28.73
Zimbabwe,28.7
Sao Tome and Principe,28.68
Lesotho,28.67
Lesotho,28.67
Guinea-Bissau,28.65
Cameroon,28.65
Eritrea,28.62
Eritrea,28.62
Guinea-Bissau,28.58
Guinea-Bissau,28.58
Sudan,28.57
Sudan,28.57
Mauritius,28.57
Nigeria,28.56
Zambia,28.54
Lesotho,28.53
Comoros,28.53
Guinea-Bissau,28.52
Somalia,28.44
Equatorial Guinea,28.43
Equatorial Guinea,28.43
Cabo Verde,28.41
Comoros,28.38
Zambia,28.37
Zambia,28.37
Sudan,28.36
Gambia,28.36
Morocco,28.34
Guinea-Bissau,28.33
Guinea-Bissau,28.33
Equatorial Guinea,28.33
Tunisia,28.32
Tunisia,28.32
South Africa,28.31
Senegal,28.31
Angola,28.31
Mozambique,28.22
Eritrea,28.22
Burundi,28.16
Somalia,28.14
Equatorial Guinea,28.08
Burundi,28.08
Gabon,28.04
Burundi,28.03
Mali,28.01
Nigeria,27.98
Ethiopia,27.98
Ethiopia,27.98
Congo,27.97
Congo,27.97
South Africa,27.96
Madagascar,27.94
Benin,27.92
Libya,27.88
Rwanda,27.86
Djibouti,27.85
Ivory Coast,27.84
Libya,27.81
Niger,27.8
Mauritania,27.8
Gambia,27.79
Senegal,27.78
Burkina Faso,27.77
Egypt,27.75
Gambia,27.74
Namibia,27.7
Ghana,27.7
Sao Tome and Principe,27.65
South Africa,27.63
Mauritania,27.63
Mauritania,27.63
Congo,27.63
Algeria,27.63
Democratic Republic of the Congo,27.55
Democratic Republic of the Congo,27.55
Democratic Republic of the Congo,27.55
Togo,27.48
Senegal,27.48
Seychelles,27.45
Seychelles,27.45
Senegal,27.45
Botswana,27.45
Sudan,27.43
Seychelles,27.39
Equatorial Guinea,27.38
Mali,27.36
Mali,27.36
Ghana,27.36
Benin,27.35
Mauritania,27.31
Sudan,27.29
Algeria,27.27
Algeria,27.27
Cameroon,27.25
Somalia,27.22
Malawi,27.18
Central African Republic,27.17
Central African Republic,27.17
Guinea-Bissau,27.16
Democratic Republic of the Congo,27.15
Eritrea,27.14
Botswana,27.13
Somalia,27.11
Somalia,27.11
Botswana,27.08
Malawi,27.06
Gambia,27.06
Morocco,27.05
Central African Republic,27.04
Kenya,27.02
Kenya,27.02
Seychelles,26.97
Kenya,26.96
Gabon,26.96
Sierra Leone,26.94
Guinea,26.91
Guinea,26.91
Democratic Republic of the Congo,26.91
Democratic Republic of the Congo,26.91
Sudan,26.9
Niger,26.9
Guinea-Bissau,26.9
Mali,26.88
Libya,26.88
Liberia,26.87
Liberia,26.87
Senegal,26.85
Niger,26.85
Zambia,26.84
Mauritius,26.82
Mauritius,26.82
Madagascar,26.81
Ethiopia,26.78
Mauritania,26.77
Uganda,26.76
Algeria,26.75
Central African Republic,26.73
Mauritania,26.71
Congo,26.68
Guinea,26.66
Eritrea,26.66
Sao Tome and Principe,26.63
Rwanda,26.63
Botswana,26.63
Democratic Republic of the Congo,26.62
Somalia,26.6
Somalia,26.6
Algeria,26.56
Algeria,26.56
Libya,26.54
Togo,26.53
Tanzania,26.53
Somalia,26.52
Somalia,26.52
Gambia,26.51
Niger,26.46
Eritrea,26.45
Gambia,26.43
Benin,26.43
Libya,26.42
Mozambique,26.41
Madagascar,26.41
Gambia,26.4
Gambia,26.4
Gambia,26.4
Eritrea,26.4
Sierra Leone,26.38
Kenya,26.38
Kenya,26.38
Ghana,26.38
Egypt,26.38
Central African Republic,26.36
Sierra Leone,26.31
Rwanda,26.29
Nigeria,26.29
Guinea,26.29
Guinea,26.29
Madagascar,26.28
Central African Republic,26.26
Gambia,26.23
Gambia,26.23
Democratic Republic of the Congo,26.23
Algeria,26.23
Guinea,26.21
Democratic Republic of the Congo,26.2
Comoros,26.2
Comoros,26.2
Comoros,26.2
Sao Tome and Principe,26.19
Angola,26.18
Gabon,26.15
Gabon,26.15
Chad,26.15
Botswana,26.15
Sao Tome and Principe,26.12
Uganda,26.11
Uganda,26.11
Senegal,26.11
Senegal,26.11
Tunisia,26.1
Rwanda,26.1
Ghana,26.1
Comoros,26.1
Benin,26.08
Congo,26.03
Guinea-Bissau,26.0
Uganda,25.97
Libya,25.95
Togo,25.91
Botswana,25.91
Benin,25.9
Benin,25.9
Comoros,25.87
Morocco,25.86
Libya,25.86
Libya,25.86
Cabo Verde,25.83
Cabo Verde,25.83
Lesotho,25.81
Somalia,25.8
Tunisia,25.78
Madagascar,25.76
Egypt,25.75
Angola,25.74
Liberia,25.71
Equatorial Guinea,25.7
Angola,25.68
Morocco,25.66
Libya,25.64
Libya,25.64
Kenya,25.64
Libya,25.62
Niger,25.58
Cameroon,25.57
Eswatini,25.56
Zambia,25.52
Mozambique,25.5
Kenya,25.49
Eritrea,25.49
Ghana,25.42
Kenya,25.41
Kenya,25.41
South Africa,25.4
Congo,25.35
Liberia,25.33
Zimbabwe,25.31
Zimbabwe,25.31
Democratic Republic of the Congo,25.31
Morocco,25.3
Sierra Leone,25.28
Benin,25.28
Togo,25.27
Madagascar,25.27
Tunisia,25.26
Mali,25.24
Mauritius,25.23
Ethiopia,25.23
Zimbabwe,25.21
Chad,25.21
Morocco,25.2
Mauritania,25.16
Mauritania,25.16
Nigeria,25.15
Nigeria,25.15
Tunisia,25.14
Rwanda,25.14
Democratic Republic of the Congo,25.14
Sao Tome and Principe,25.1
Eritrea,25.08
Egypt,25.07
Burkina Faso,25.07
Equatorial Guinea,25.05
Equatorial Guinea,25.05
Madagascar,25.04
Madagascar,25.04
Rwanda,25.03
Eritrea,25.02
Somalia,25.0
Somalia,25.0
Angola,25.0
Ghana,24.98
Ghana,24.98
Gabon,24.98
Sierra Leone,24.95
Togo,24.9
South Sudan,24.88
Guinea-Bissau,24.88
Benin,24.85
Benin,24.85
Zimbabwe,24.84
Djibouti,24.84
Zambia,24.83
Zambia,24.83
Guinea,24.79
Ethiopia,24.79
Djibouti,24.75
Sao Tome and Principe,24.74
Eswatini,24.73
Seychelles,24.72
Sudan,24.71
Mali,24.7
Somalia,24.69
Seychelles,24.69
Seychelles,24.69
Burkina Faso,24.68
Equatorial Guinea,24.64
Eritrea,24.63
Malawi,24.61
South Sudan,24.59
Sudan,24.58
Uganda,24.54
Tanzania,24.54
Cabo Verde,24.54
Zimbabwe,24.52
Zimbabwe,24.52
Niger,24.51
Senegal,24.5
Gabon,24.5
Gabon,24.5
Lesotho,24.47
Chad,24.47
Chad,24.47
Cameroon,24.47
Benin,24.47
Senegal,24.43
Algeria,24.43
Sierra Leone,24.42
Cameroon,24.41
Mauritius,24.4
Guinea,24.4
Angola,24.39
Malawi,24.37
Lesotho,24.32
Lesotho,24.32
South Africa,24.31
Madagascar,24.31
Ethiopia,24.31
South Sudan,24.29
Burkina Faso,24.29
Rwanda,24.21
Mauritius,24.18
Uganda,24.17
Lesotho,24.12
Nigeria,24.11
Malawi,24.11
Burkina Faso,24.1
Seychelles,24.09
South Africa,24.08
Botswana,24.07
Equatorial Guinea,24.06
South Africa,24.05
Ivory Coast,24.05
Ivory Coast,24.05
Angola,24.05
Madagascar,24.04
Gabon,24.04
Tunisia,24.01
Malawi,23.99
South Africa,23.96
Zambia,23.95
Sao Tome and Principe,23.95
Comoros,23.94
Niger,23.92
Central African Republic,23.91
Benin,23.91
Benin,23.91
South Sudan,23.87
Sao Tome and Principe,23.85
Sudan,23.82
Chad,23.79
South Sudan,23.76
Senegal,23.75
Comoros,23.75
Comoros,23.75
South Africa,23.71
Senegal,23.71
Ghana,23.7
Rwanda,23.68
Eswatini,23.64
Namibia,23.62
Kenya,23.61
Eritrea,23.59
Democratic Republic of the Congo,23.59
Democratic Republic of the Congo,23.59
Rwanda,23.57
Lesotho,23.53
Egypt,23.53
Burkina Faso,23.5
Angola,23.48
Angola,23.48
Congo,23.47
Congo,23.47
Liberia,23.46
Botswana,23.41
Botswana,23.41
Tanzania,23.38
Rwanda,23.38
Madagascar,23.38
Senegal,23.37
Mozambique,23.36
Egypt,23.34
Ethiopia,23.31
Ethiopia,23.31
Chad,23.3
Namibia,23.29
Namibia,23.29
Niger,23.23
Comoros,23.23
Algeria,23.21
Guinea-Bissau,23.17
Zambia,23.14
Zambia,23.14
Togo,23.14
South Sudan,23.14
Djibouti,23.14
Mauritania,23.12
Madagascar,23.1
Malawi,23.05
Malawi,23.05
Uganda,23.02
Nigeria,23.01
Ethiopia,23.01
Ethiopia,23.01
Benin,23.01
Morocco,22.99
Uganda,22.98
Tanzania,22.94
Tanzania,22.94
Senegal,22.92
Senegal,22.92
Mauritania,22.91
Chad,22.9
Cameroon,22.89
Egypt,22.79
Sudan,22.78
Sudan,22.78
Sudan,22.78
Sudan,22.78
Nigeria,22.75
Nigeria,22.75
Senegal,22.74
Togo,22.72
Mauritania,22.68
Mauritania,22.68
Tanzania,22.64
Lesotho,22.61
Rwanda,22.57
Angola,22.57
Namibia,22.56
Malawi,22.55
Sierra Leone,22.52
Ghana,22.51
Tanzania,22.5
Democratic Republic of the Congo,22.5
Cabo Verde,22.5
Kenya,22.49
Cabo Verde,22.49
Nigeria,22.48
Cameroon,22.44
Kenya,22.42
Mali,22.41
Eswatini,22.41
Angola,22.41
Seychelles,22.4
Togo,22.39
Namibia,22.39
Sierra Leone,22.34
Chad,22.34
Uganda,22.31
Uganda,22.31
Uganda,22.31
Madagascar,22.27
Madagascar,22.27
Gabon,22.24
Rwanda,22.2
Comoros,22.19
Somalia,22.17
Burundi,22.17
Gambia,22.13
Gambia,22.13
Madagascar,22.12
Botswana,22.12
Madagascar,22.09
Burundi,22.09
Liberia,22.07
Eswatini,22.05
Mali,22.0
Mali,22.0
Lesotho,21.99
Egypt,21.99
Liberia,21.98
Central African Republic,21.98
Zambia,21.95
Zambia,21.95
Sierra Leone,21.95
Mauritania,21.95
Gabon,21.93
Tunisia,21.9
Mauritania,21.9
Mali,21.9
Togo,21.89
Algeria,21.88
Algeria,21.88
Congo,21.85
Sudan,21.71
Madagascar,21.71
Nigeria,21.68
Mauritius,21.67
Botswana,21.67
Botswana,21.67
Ivory Coast,21.65
Libya,21.62
Libya,21.62
Guinea-Bissau,21.6
Burkina Faso,21.6
Burkina Faso,21.6
Gambia,21.59
Rwanda,21.58
Djibouti,21.57
Congo,21.52
Senegal,21.5
Nigeria,21.5
Liberia,21.49
Gabon,21.49
Central African Republic,21.49
Congo,21.48
Congo,21.48
Comoros,21.46
Nigeria,21.42
Gambia,21.39
Gambia,21.39
Guinea,21.37
Senegal,21.36
Senegal,21.36
Namibia,21.32
Eritrea,21.32
Eritrea,21.32
South Africa,21.28
Guinea-Bissau,21.26
Namibia,21.24
Nigeria,21.23
Mauritania,21.23
Madagascar,21.21
Gabon,21.19
Gabon,21.19
Senegal,21.18
Comoros,21.16
Comoros,21.16
Uganda,21.15
Uganda,21.15
Guinea,21.15
Ivory Coast,21.14
Ivory Coast,21.14
Cameroon,21.13
Uganda,21.12
Burkina Faso,21.11
Egypt,21.06
Gambia,21.04
Chad,21.04
Burkina Faso,21.04
Tanzania,21.03
Congo,21.03
Malawi,21.02
Mali,21.01
Eswatini,21.01
Kenya,21.0
Cameroon,21.0
Cameroon,20.99
Algeria,20.96
Rwanda,20.95
Togo,20.93
Burkina Faso,20.93
Democratic Republic of the Congo,20.92
Guinea-Bissau,20.91
Zambia,20.85
Zambia,20.83
Togo,20.82
Mali,20.81
Cabo Verde,20.81
Eritrea,20.75
Namibia,20.71
Namibia,20.71
Namibia,20.71
Nigeria,20.69
Botswana,20.69
Burkina Faso,20.68
Lesotho,20.67
Malawi,20.66
Togo,20.6
Nigeria,20.6
Zimbabwe,20.58
Tunisia,20.58
Central African Republic,20.58
Seychelles,20.56
Lesotho,20.56
Equatorial Guinea,20.52
Equatorial Guinea,20.52
Rwanda,20.48
Tunisia,20.47
Gambia,20.46
South Sudan,20.45
Lesotho,20.45
Lesotho,20.45
Gabon,20.44
Algeria,20.43
Algeria,20.43
Uganda,20.39
Uganda,20.39
Benin,20.37
Namibia,20.35
Ghana,20.34
Sao Tome and Principe,20.3
Democratic Republic of the Congo,20.29
Benin,20.28
Niger,20.26
Eswatini,20.26
Morocco,20.24
Ghana,20.21
South Sudan,20.2
Angola,20.19
Guinea,20.16
Guinea,20.16
Sierra Leone,20.15
Libya,20.15
Libya,20.15
Tanzania,20.14
Tanzania,20.14
Kenya,20.14
Guinea-Bissau,20.14
Egypt,20.12
Ghana,20.1
Niger,20.09
South Sudan,20.08
Ghana,20.01
Libya,19.97
Central African Republic,19.97
Sudan,19.96
Eritrea,19.96
Eritrea,19.96
Eritrea,19.96
Tanzania,19.94
Mozambique,19.94
Senegal,19.92
Comoros,19.92
Gambia,19.87
Gambia,19.87
Rwanda,19.86
Ethiopia,19.8
Ethiopia,19.8
Guinea-Bissau,19.79
Tunisia,19.78
Tunisia,19.78
Cameroon,19.77
Cameroon,19.77
Eswatini,19.75
Tunisia,19.74
Namibia,19.71
Eswatini,19.71
Mauritania,19.7
South Sudan,19.69
Morocco,19.69
Chad,19.69
Guinea,19.65
Seychelles,19.57
Chad,19.57
Sudan,19.54
Cameroon,19.48
Tunisia,19.47
Ethiopia,19.42
Gabon,19.41
Ethiopia,19.41
Ethiopia,19.41
Eritrea,19.38
Egypt,19.38
Djibouti,19.36
Guinea,19.35
Guinea,19.35
Chad,19.34
Burkina Faso,19.34
Angola,19.34
Angola,19.34
Libya,19.33
Tunisia,19.32
Tunisia,19.31
Equatorial Guinea,19.31
Comoros,19.31
Djibouti,19.3
Djibouti,19.3
Togo,19.29
Guinea,19.29
Madagascar,19.28
Namibia,19.26
Guinea-Bissau,19.26
Angola,19.26
Mauritius,19.24
Morocco,19.23
Ghana,19.22
Morocco,19.21
Tanzania,19.2
South Sudan,19.13
Egypt,19.07
Egypt,19.07
Cameroon,19.06
Gambia,19.05
Gambia,19.05
Botswana,19.05
Mauritania,19.02
Mauritania,19.02
Madagascar,19.02
Djibouti,19.01
Djibouti,19.01
Burundi,19.0
Gabon,18.99
Angola,18.98
Cabo Verde,18.95
Libya,18.94
Eswatini,18.94
Burundi,18.94
Burkina Faso,18.94
Equatorial Guinea,18.89
Cameroon,18.89
Nigeria,18.88
Burundi,18.85
Lesotho,18.84
Equatorial Guinea,18.81
Comoros,18.8
Tunisia,18.79
Chad,18.77
Mali,18.75
Comoros,18.74
Comoros,18.74
Comoros,18.74
Uganda,18.73
Ghana,18.73
Angola,18.73
Cameroon,18.69
Namibia,18.68
Congo,18.68
Algeria,18.63
Togo,18.62
South Africa,18.61
Algeria,18.55
Guinea-Bissau,18.54
Guinea-Bissau,18.54
Ethiopia,18.52
Liberia,18.49
Eritrea,18.48
Eritrea,18.48
Eritrea,18.48
Morocco,18.44
Madagascar,18.39
Cameroon,18.33
Mozambique,18.32
Kenya,18.3
Zimbabwe,18.28
Lesotho,18.27
Botswana,18.27
Zimbabwe,18.22
Burkina Faso,18.22
Burkina Faso,18.22
Uganda,18.2
Uganda,18.2
Algeria,18.2
Somalia,18.18
Congo,18.18
Angola,18.16
Burkina Faso,18.15
Tunisia,18.14
Eswatini,18.14
Cameroon,18.11
Uganda,18.1
Tunisia,18.08
Botswana,18.07
Botswana,18.07
Zimbabwe,18.05
Zimbabwe,18.05
Ghana,18.05
Lesotho,18.04
Chad,18.04
Equatorial Guinea,18.03
Niger,18.02
Namibia,18.01
Benin,18.0
Cabo Verde,17.92
Ghana,17.91
Egypt,17.9
Egypt,17.9
Chad,17.9
Morocco,17.88
Niger,17.87
Niger,17.87
Niger,17.87
Burkina Faso,17.83
Gabon,17.81
Zambia,17.8
Togo,17.8
Togo,17.8
Togo,17.8
Sudan,17.8
Malawi,17.8
Ethiopia,17.75
Seychelles,17.74
Senegal,17.72
Ghana,17.72
Ghana,17.72
Tanzania,17.71
Lesotho,17.69
Nigeria,17.68
Sudan,17.65
Gambia,17.63
Ivory Coast,17.62
South Africa,17.55
Sierra Leone,17.54
Democratic Republic of the Congo,17.53
Democratic Republic of the Congo,17.53
Chad,17.52
Chad,17.52
Zambia,17.5
Ivory Coast,17.48
Zimbabwe,17.43
Zimbabwe,17.43
Morocco,17.39
Somalia,17.38
Kenya,17.38
Guinea-Bissau,17.3
Niger,17.29
Zambia,17.27
Mauritius,17.27
Mauritius,17.27
Comoros,17.26
Ethiopia,17.2
Ethiopia,17.2
Algeria,17.2
Ethiopia,17.17
Ethiopia,17.17
Uganda,17.13
Liberia,17.13
Eswatini,17.11
Morocco,17.09
Guinea,17.02
Gambia,17.02
Gambia,17.02
Sierra Leone,17.01
Egypt,17.01
Egypt,17.01
Kenya,16.96
Zambia,16.95
Burkina Faso,16.94
Burundi,16.9
Tunisia,16.88
Angola,16.87
Angola,16.87
Angola,16.87
Djibouti,16.85
Rwanda,16.82
South Africa,16.8
South Africa,16.8
Liberia,16.77
Cameroon,16.77
Somalia,16.76
Angola,16.75
Cameroon,16.72
Malawi,16.68
Zimbabwe,16.67
Liberia,16.65
Liberia,16.65
South Africa,16.63
Cameroon,16.62
Nigeria,16.6
Nigeria,16.6
Nigeria,16.6
Democratic Republic of the Congo,16.55
Guinea,16.49
Tunisia,16.46
Central African Republic,16.45
Tunisia,16.38
Gabon,16.36
Algeria,16.34
Guinea,16.31
Botswana,16.31
Botswana,16.31
Rwanda,16.3
Eritrea,16.28
Morocco,16.24
Morocco,16.24
Sao Tome and Principe,16.18
Seychelles,16.17
Madagascar,16.13
Sierra Leone,16.11
Senegal,16.11
Comoros,16.11
Ghana,16.09
Central African Republic,16.08
Democratic Republic of the Congo,16.07
Algeria,16.07
Burundi,16.05
Mali,15.96
Nigeria,15.93
Central African Republic,15.91
Libya,15.9
Uganda,15.89
Namibia,15.89
Namibia,15.89
Comoros,15.89
Sudan,15.88
Sierra Leone,15.88
Eritrea,15.88
Eritrea,15.88
Niger,15.87
Niger,15.87
Nigeria,15.83
Ethiopia,15.83
Ethiopia,15.83
Guinea,15.82
Guinea,15.82
Ivory Coast,15.8
Burkina Faso,15.77
Tanzania,15.73
Tanzania,15.73
Guinea-Bissau,15.73
Guinea-Bissau,15.73
Eritrea,15.73
Equatorial Guinea,15.72
Libya,15.71
Libya,15.71
Mauritania,15.68
Uganda,15.67
Togo,15.65
Gambia,15.65
South Sudan,15.64
Morocco,15.63
Burundi,15.56
Tanzania,15.54
Tanzania,15.54
Sao Tome and Principe,15.5
Tunisia,15.47
Djibouti,15.47
Democratic Republic of the Congo,15.47
Gabon,15.41
Egypt,15.41
Egypt,15.41
Egypt,15.41
Kenya,15.38
South Africa,15.37
Liberia,15.37
Cameroon,15.37
Sudan,15.36
Burkina Faso,15.34
Egypt,15.32
Sudan,15.31
Ethiopia,15.3
Senegal,15.28
Mauritius,15.28
Mauritius,15.28
Ivory Coast,15.28
Guinea-Bissau,15.28
Guinea-Bissau,15.27
Tunisia,15.26
Somalia,15.25
Somalia,15.25
Eswatini,15.24
Benin,15.24
Gambia,15.22
Eswatini,15.22
South Africa,15.2
Seychelles,15.17
Central African Republic,15.17
Gabon,15.16
Gabon,15.16
Burundi,15.12
Democratic Republic of the Congo,15.11
Somalia,15.1
Senegal,15.09
Libya,15.09
South Africa,15.07
Eritrea,15.02
Algeria,15.02
Algeria,15.02
South Sudan,15.0
Guinea,15.0
Guinea,15.0
Senegal,14.99
Senegal,14.99
Algeria,14.98
Chad,14.97
Angola,14.96
Nigeria,14.87
Mali,14.73
Mali,14.73
Congo,14.73
Mali,14.72
Algeria,14.72
Algeria,14.72
Gabon,14.68
Gabon,14.68
Djibouti,14.67
Mozambique,14.66
Tunisia,14.65
Lesotho,14.65
Ethiopia,14.63
Central African Republic,14.61
Chad,14.58
Chad,14.58
Zambia,14.57
Niger,14.55
Zimbabwe,14.53
Zimbabwe,14.53
Central African Republic,14.51
Central African Republic,14.5
Seychelles,14.49
Cabo Verde,14.49
Liberia,14.46
Liberia,14.46
Burkina Faso,14.46
Burkina Faso,14.46
Mauritania,14.45
Sao Tome and Principe,14.44
Sao Tome and Principe,14.44
Morocco,14.44
Congo,14.39
Cabo Verde,14.37
Somalia,14.36
Democratic Republic of the Congo,14.34
Democratic Republic of the Congo,14.34
Sudan,14.3
Sudan,14.3
Egypt,14.3
Egypt,14.3
Namibia,14.28
Mozambique,14.26
Mozambique,14.26
Mauritania,14.25
Ivory Coast,14.25
Ivory Coast,14.25
Equatorial Guinea,14.25
Tanzania,14.19
Democratic Republic of the Congo,14.16
Democratic Republic of the Congo,14.16
Democratic Republic of the Congo,14.16
Niger,14.15
Tunisia,14.13
Rwanda,14.13
Rwanda,14.13
South Sudan,14.12
South Sudan,14.12
Somalia,14.12
Sao Tome and Principe,14.08
Kenya,14.06
Botswana,14.05
Nigeria,14.01
Nigeria,14.01
Nigeria,14.01
Mozambique,14.01
Ethiopia,13.96
Burkina Faso,13.96
Lesotho,13.93
South Sudan,13.92
South Sudan,13.92
Tunisia,13.89
Tunisia,13.89
Libya,13.86
Libya,13.86
Eswatini,13.86
Madagascar,13.84
Libya,13.84
Sierra Leone,13.83
Equatorial Guinea,13.83
Tunisia,13.81
South Sudan,13.81
Burundi,13.78
Algeria,13.77
Zimbabwe,13.76
South Africa,13.71
South Africa,13.71
Mali,13.68
Kenya,13.68
Cabo Verde,13.67
Tanzania,13.65
Mozambique,13.65
Mozambique,13.65
Madagascar,13.63
Ivory Coast,13.62
Malawi,13.61
South Africa,13.6
Togo,13.56
Burundi,13.54
Benin,13.54
Zambia,13.52
Niger,13.49
Mauritania,13.48
Zimbabwe,13.47
Cabo Verde,13.47
Djibouti,13.45
Equatorial Guinea,13.44
Madagascar,13.43
Equatorial Guinea,13.43
Mozambique,13.42
Cameroon,13.41
Gambia,13.35
Mauritania,13.31
Eswatini,13.31
Zambia,13.27
Eswatini,13.27
Liberia,13.25
Eswatini,13.25
Eswatini,13.25
Egypt,13.25
South Sudan,13.24
Benin,13.24
Eritrea,13.22
Algeria,13.19
Tunisia,13.16
Sudan,13.16
Seychelles,13.16
Mali,13.15
Liberia,13.15
Gambia,13.15
Gambia,13.15
Sudan,13.13
Sudan,13.13
Benin,13.13
Guinea,13.09
Tunisia,13.08
Benin,13.07
Togo,13.05
Zambia,13.03
Burkina Faso,13.03
Sao Tome and Principe,12.99
Angola,12.99
Angola,12.98
Nigeria,12.97
Niger,12.97
Tanzania,12.96
Tanzania,12.96
Djibouti,12.95
Cabo Verde,12.95
Sudan,12.94
Algeria,12.94
Ghana,12.93
Seychelles,12.92
Seychelles,12.92
Guinea-Bissau,12.92
Guinea-Bissau,12.92
Gambia,12.91
Gambia,12.91
Zimbabwe,12.9
Zambia,12.86
Djibouti,12.85
Mauritius,12.81
Somalia,12.75
Somalia,12.75
Somalia,12.75
Nigeria,12.74
Nigeria,12.74
Guinea-Bissau,12.74
Guinea-Bissau,12.74
Ghana,12.73
Mali,12.72
Somalia,12.71
Eritrea,12.69
Ghana,12.68
Comoros,12.68
Eswatini,12.65
Botswana,12.6
Botswana,12.6
Botswana,12.6
Libya,12.59
Zimbabwe,12.58
Ghana,12.54
Benin,12.54
Lesotho,12.52
Congo,12.51
Comoros,12.48
Comoros,12.48
Algeria,12.46
Togo,12.44
Gabon,12.42
Sudan,12.41
Sudan,12.41
Burkina Faso,12.41
Burkina Faso,12.41
Ethiopia,12.39
Egypt,12.34
Democratic Republic of the Congo,12.33
Chad,12.31
Burkina Faso,12.31
Benin,12.31
Benin,12.31
Equatorial Guinea,12.27
Equatorial Guinea,12.27
Ethiopia,12.25
Ethiopia,12.25
Burkina Faso,12.25
Sudan,12.23
Sudan,12.22
Mauritania,12.22
Benin,12.17
Togo,12.14
Eswatini,12.11
Eswatini,12.11
Guinea,12.08
Angola,12.08
Seychelles,12.07
Seychelles,12.07
South Africa,12.06
South Africa,12.06
South Africa,12.06
Eritrea,12.05
Somalia,12.03
Zimbabwe,12.0
Malawi,11.98
Ivory Coast,11.97
Burkina Faso,11.96
Central African Republic,11.95
Malawi,11.92
Somalia,11.88
Mali,11.86
Mali,11.86
Madagascar,11.86
Guinea,11.86
Mauritius,11.8
Tunisia,11.76
Burkina Faso,11.74
Seychelles,11.73
Sao Tome and Principe,11.72
Ivory Coast,11.68
Central African Republic,11.65
Tunisia,11.62
Equatorial Guinea,11.62
Burkina Faso,11.62
Burkina Faso,11.62
Angola,11.62
South Africa,11.59
South Africa,11.59
Central African Republic,11.59
Ethiopia,11.58
Mozambique,11.52
Liberia,11.52
Gabon,11.52
Niger,11.49
South Sudan,11.48
Burundi,11.48
Tanzania,11.43
Tanzania,11.43
Eritrea,11.43
Malawi,11.42
Eswatini,11.42
Tanzania,11.41
Tanzania,11.41
Somalia,11.41
Sudan,11.39
Sao Tome and Principe,11.37
Liberia,11.37
Liberia,11.37
Uganda,11.36
Sierra Leone,11.33
Sudan,11.31
South Sudan,11.28
Egypt,11.28
Angola,11.25
Gabon,11.21
Equatorial Guinea,11.21
Togo,11.2
Gabon,11.19
Tanzania,11.17
Sudan,11.17
Tunisia,11.16
Congo,11.16
Congo,11.16
Malawi,11.14
Guinea,11.11
Guinea,11.1
Zambia,11.08
Morocco,11.08
Mali,11.08
Lesotho,11.08
Lesotho,11.08
Lesotho,11.08
Lesotho,11.08
Algeria,11.07
Burundi,11.02
Seychelles,11.01
Rwanda,10.93
Guinea-Bissau,10.93
Guinea,10.92
Botswana,10.92
Senegal,10.91
Senegal,10.91
Ivory Coast,10.91
Uganda,10.89
Uganda,10.89
Rwanda,10.88
Algeria,10.88
Liberia,10.87
Eswatini,10.85
Kenya,10.82
Senegal,10.8
Eswatini,10.78
Eswatini,10.78
Benin,10.75
Benin,10.75
Democratic Republic of the Congo,10.72
Malawi,10.7
Lesotho,10.7
Seychelles,10.68
Mauritania,10.67
Guinea-Bissau,10.67
Burundi,10.63
Congo,10.59
Nigeria,10.58
Nigeria,10.58
South Africa,10.57
Equatorial Guinea,10.57
Zimbabwe,10.55
Morocco,10.47
Ghana,10.47
Ghana,10.47
Zambia,10.45
Chad,10.45
Rwanda,10.43
Sudan,10.42
Sudan,10.42
Cabo Verde,10.42
Cabo Verde,10.42
Sierra Leone,10.41
Rwanda,10.41
Mali,10.33
Somalia,10.29
Somalia,10.29
Comoros,10.29
Morocco,10.28
Libya,10.26
Somalia,10.25
Morocco,10.23
Somalia,10.18
Somalia,10.18
Cameroon,10.18
Tanzania,10.17
Kenya,10.17
Tunisia,10.14
Guinea-Bissau,10.06
Egypt,10.05
Togo,10.04
Rwanda,10.04
Country,Humidity
