July,49.99
July,49.99
August,49.98
August,49.98
July,49.98
July,49.97
July,49.97
July,49.97
June,49.97
May,49.97
May,49.97
June,49.94
June,49.92
June,49.92
June,49.92
June,49.92
June,49.92
June,49.92
May,49.92
July,49.91
May,49.91
June,49.9
May,49.9
August,49.89
May,49.89
July,49.88
July,49.87
August,49.86
July,49.86
July,49.86
May,49.86
August,49.85
August,49.85
August,49.84
July,49.84
June,49.84
June,49.84
August,49.83
July,49.83
August,49.82
August,49.82
August,49.82
August,49.81
August,49.8
July,49.8
July,49.8
May,49.79
July,49.78
August,49.77
July,49.77
July,49.77
July,49.77
July,49.77
July,49.77
June,49.77
May,49.77
May,49.76
May,49.74
May,49.74
May,49.74
August,49.73
August,49.72
August,49.72
August,49.72
May,49.72
May,49.72
August,49.71
July,49.71
August,49.69
May,49.69
July,49.68
August,49.67
July,49.67
May,49.67
May,49.67
July,49.66
July,49.65
June,49.65
July,49.63
June,49.63
May,49.63
June,49.62
August,49.61
July,49.61
August,49.6
July,49.6
July,49.6
June,49.6
May,49.59
May,49.59
August,49.58
May,49.58
June,49.57
June,49.57
August,49.56
July,49.56
June,49.56
June,49.56
May,49.56
August,49.54
August,49.54
July,49.54
August,49.53
June,49.52
June,49.52
May,49.52
June,49.51
June,49.5
June,49.5
June,49.5
June,49.5
May,49.5
August,49.48
May,49.48
August,49.46
June,49.46
July,49.45
August,49.44
August,49.44
July,49.44
May,49.44
August,49.43
August,49.43
August,49.43
July,49.43
June,49.43
June,49.43
June,49.41
May,49.41
August,49.4
June,49.4
June,49.4
June,49.38
June,49.38
August,49.36
August,49.36
August,49.36
August,49.35
June,49.34
May,49.33
May,49.33
August,49.32
June,49.32
June,49.32
May,49.32
June,49.31
August,49.3
August,49.3
August,49.29
August,49.29
July,49.29
July,49.29
July,49.29
July,49.29
July,49.29
May,49.29
August,49.28
June,49.28
May,49.28
May,49.27
May,49.27
August,49.26
June,49.26
June,49.26
May,49.26
August,49.25
July,49.25
August,49.24
August,49.23
August,49.23
May,49.23
May,49.23
July,49.21
May,49.21
August,49.19
July,49.19
August,49.18
June,49.18
May,49.17
May,49.17
July,49.14
May,49.13
August,49.11
August,49.11
June,49.11
June,49.11
June,49.11
July,49.1
July,49.09
June,49.09
June,49.09
May,49.09
May,49.09
August,49.07
June,49.06
June,49.06
May,49.06
August,49.05
August,49.05
July,49.05
July,49.05
July,49.05
May,49.05
August,49.04
June,49.04
June,49.04
June,49.04
July,49.01
June,49.01
May,49.0
June,48.99
May,48.99
May,48.99
May,48.98
June,48.96
June,48.96
June,48.96
June,48.96
August,48.95
August,48.95
August,48.94
July,48.94
July,48.94
June,48.94
July,48.93
August,48.89
August,48.89
July,48.88
July,48.88
June,48.86
May,48.86
July,48.85
July,48.84
July,48.84
May,48.84
May,48.84
July,48.83
July,48.83
July,48.83
July,48.83
August,48.82
July,48.82
July,48.82
June,48.82
May,48.82
May,48.82
May,48.82
June,48.81
June,48.81
June,48.81
June,48.81
May,48.81
May,48.81
June,48.79
May,48.79
June,48.78
May,48.78
May,48.78
August,48.77
June,48.77
May,48.77
May,48.75
May,48.75
July,48.74
June,48.74
June,48.73
May,48.73
July,48.72
July,48.72
June,48.72
June,48.72
June,48.72
July,48.71
June,48.71
June,48.71
August,48.7
July,48.7
July,48.7
May,48.7
May,48.69
May,48.69
June,48.68
June,48.66
July,48.65
May,48.65
August,48.64
May,48.63
August,48.62
June,48.62
May,48.62
May,48.62
May,48.62
July,48.61
May,48.6
July,48.59
July,48.59
June,48.59
August,48.58
June,48.58
July,48.57
July,48.57
July,48.57
June,48.57
June,48.57
May,48.57
May,48.57
May,48.54
June,48.53
July,48.52
June,48.52
May,48.52
June,48.51
May,48.5
May,48.5
July,48.49
June,48.47
June,48.47
May,48.45
August,48.44
May,48.44
June,48.43
August,48.42
June,48.42
June,48.42
July,48.41
June,48.41
July,48.4
August,48.39
May,48.39
July,48.38
July,48.38
July,48.36
July,48.35
July,48.35
June,48.35
June,48.35
June,48.35
June,48.35
May,48.35
June,48.34
August,48.33
August,48.33
June,48.33
June,48.33
May,48.33
May,48.33
August,48.32
July,48.31
May,48.31
May,48.29
August,48.28
August,48.28
June,48.28
August,48.27
July,48.27
July,48.27
June,48.27
July,48.26
June,48.26
August,48.25
June,48.25
August,48.24
August,48.24
August,48.24
May,48.24
June,48.23
July,48.22
July,48.21
May,48.21
July,48.2
July,48.2
May,48.19
August,48.18
June,48.17
July,48.16
August,48.15
July,48.15
May,48.14
June,48.12
June,48.12
May,48.12
July,48.11
May,48.1
July,48.09
July,48.09
July,48.09
July,48.09
June,48.09
June,48.08
June,48.08
June,48.08
May,48.08
August,48.07
July,48.07
June,48.06
July,48.05
June,48.05
July,48.04
June,48.04
July,48.02
May,48.01
June,47.98
June,47.97
June,47.96
June,47.96
June,47.96
June,47.95
August,47.93
July,47.93
August,47.92
August,47.9
July,47.9
June,47.9
July,47.89
June,47.88
June,47.88
May,47.88
May,47.87
May,47.86
August,47.85
July,47.85
May,47.85
May,47.85
June,47.84
May,47.84
May,47.84
August,47.83
August,47.82
June,47.82
August,47.81
August,47.81
June,47.81
June,47.8
August,47.79
August,47.79
June,47.79
June,47.79
August,47.77
July,47.75
August,47.74
May,47.74
August,47.72
July,47.72
July,47.72
May,47.72
May,47.72
May,47.72
August,47.71
August,47.71
July,47.71
July,47.71
August,47.69
August,47.69
July,47.69
July,47.69
July,47.69
August,47.68
May,47.67
August,47.66
August,47.66
July,47.66
May,47.66
June,47.65
June,47.65
May,47.65
July,47.64
July,47.63
July,47.63
May,47.63
May,47.63
May,47.62
August,47.61
July,47.61
May,47.61
May,47.6
July,47.59
May,47.56
May,47.56
July,47.55
June,47.55
May,47.55
August,47.54
August,47.53
May,47.53
August,47.52
August,47.51
August,47.51
May,47.51
July,47.5
July,47.5
May,47.49
July,47.47
June,47.47
June,47.47
August,47.45
August,47.44
June,47.44
May,47.43
August,47.42
May,47.42
June,47.41
May,47.41
June,47.39
June,47.37
June,47.37
June,47.37
June,47.37
June,47.37
May,47.37
May,47.37
June,47.36
May,47.36
July,47.35
May,47.34
July,47.33
July,47.33
July,47.33
July,47.33
May,47.33
May,47.32
August,47.31
August,47.31
July,47.31
June,47.31
May,47.3
May,47.3
July,47.29
July,47.29
July,47.29
May,47.29
May,47.28
May,47.28
June,47.27
May,47.27
May,47.27
June,47.26
July,47.25
July,47.25
July,47.25
May,47.25
July,47.24
June,47.24
June,47.24
July,47.23
July,47.23
July,47.23
July,47.23
June,47.23
June,47.23
May,47.23
August,47.22
June,47.21
May,47.21
July,47.2
July,47.2
June,47.2
May,47.2
May,47.2
August,47.19
May,47.19
July,47.18
July,47.18
July,47.18
July,47.18
July,47.17
July,47.17
May,47.17
August,47.16
August,47.16
August,47.16
August,47.15
August,47.15
August,47.15
May,47.15
August,47.14
May,47.13
July,47.12
August,47.11
August,47.11
June,47.11
June,47.11
July,47.1
July,47.09
July,47.08
May,47.07
August,47.05
August,47.05
May,47.04
July,47.02
July,47.02
August,47.0
July,47.0
August,46.99
August,46.98
May,46.98
June,46.97
June,46.97
June,46.97
May,46.97
August,46.95
July,46.95
August,46.94
July,46.94
July,46.94
May,46.93
May,46.93
August,46.91
July,46.91
July,46.91
July,46.9
July,46.9
August,46.89
August,46.89
July,46.89
June,46.88
July,46.86
May,46.86
August,46.85
July,46.85
July,46.85
June,46.85
August,46.84
July,46.84
May,46.84
May,46.84
May,46.84
May,46.84
May,46.84
August,46.83
July,46.83
May,46.83
August,46.82
August,46.82
August,46.82
August,46.82
July,46.81
May,46.8
August,46.78
June,46.78
August,46.77
August,46.73
July,46.73
May,46.73
May,46.73
July,46.72
May,46.72
June,46.71
May,46.71
May,46.69
July,46.68
May,46.67
July,46.66
July,46.66
July,46.66
June,46.66
June,46.66
May,46.65
August,46.64
August,46.64
May,46.64
July,46.62
July,46.61
June,46.61
May,46.61
May,46.61
July,46.6
July,46.6
July,46.59
July,46.59
August,46.58
August,46.58
August,46.58
August,46.58
July,46.57
July,46.57
May,46.57
August,46.56
August,46.56
May,46.55
August,46.54
August,46.54
June,46.54
June,46.53
August,46.52
May,46.52
July,46.51
July,46.51
June,46.51
August,46.5
August,46.5
July,46.49
June,46.49
May,46.49
May,46.49
July,46.48
May,46.48
August,46.47
May,46.47
July,46.46
June,46.46
June,46.45
May,46.45
May,46.44
August,46.43
May,46.43
May,46.42
August,46.41
July,46.41
August,46.39
July,46.39
July,46.38
May,46.38
August,46.33
August,46.33
July,46.33
August,46.3
July,46.3
May,46.3
May,46.28
June,46.27
June,46.26
June,46.25
May,46.25
May,46.24
June,46.23
June,46.22
May,46.21
May,46.21
August,46.2
August,46.18
August,46.18
June,46.17
May,46.17
August,46.16
May,46.15
August,46.14
July,46.14
May,46.14
August,46.12
July,46.12
June,46.12
June,46.12
July,46.11
August,46.1
August,46.09
August,46.09
June,46.09
June,46.09
June,46.09
August,46.08
August,46.07
July,46.07
June,46.07
June,46.07
May,46.07
May,46.07
May,46.07
August,46.06
July,46.04
July,46.02
July,46.02
June,46.01
May,46.01
August,46.0
August,46.0
July,46.0
June,46.0
June,46.0
June,46.0
June,45.99
May,45.99
May,45.99
May,45.98
June,45.97
June,45.97
June,45.97
June,45.96
August,45.95
July,45.95
August,45.94
August,45.94
July,45.94
June,45.94
August,45.93
August,45.93
June,45.92
May,45.92
August,45.9
June,45.9
June,45.89
May,45.87
May,45.87
May,45.87
July,45.86
July,45.86
May,45.86
August,45.85
July,45.85
August,45.84
July,45.84
August,45.83
August,45.83
August,45.83
August,45.83
July,45.83
June,45.82
July,45.81
May,45.81
May,45.8
May,45.8
August,45.79
May,45.79
August,45.78
August,45.78
July,45.78
July,45.78
August,45.77
August,45.77
August,45.77
May,45.76
May,45.76
May,45.75
May,45.75
August,45.73
August,45.73
August,45.73
July,45.73
June,45.72
August,45.71
August,45.71
May,45.7
May,45.68
May,45.68
August,45.67
August,45.67
July,45.67
May,45.67
May,45.67
May,45.67
May,45.67
July,45.66
July,45.66
August,45.65
August,45.65
June,45.65
August,45.64
June,45.64
June,45.64
May,45.64
August,45.63
August,45.62
July,45.62
June,45.62
May,45.62
May,45.61
August,45.59
July,45.58
June,45.57
August,45.56
June,45.55
June,45.55
June,45.55
May,45.55
July,45.54
May,45.54
July,45.53
June,45.53
August,45.52
August,45.52
August,45.52
July,45.52
July,45.52
July,45.52
June,45.51
June,45.51
August,45.5
August,45.49
August,45.49
August,45.49
July,45.49
August,45.48
August,45.48
July,45.48
July,45.48
July,45.48
June,45.48
May,45.48
June,45.47
May,45.47
August,45.46
August,45.46
June,45.46
June,45.46
May,45.46
May,45.45
July,45.44
June,45.44
June,45.44
May,45.44
May,45.43
August,45.42
August,45.42
August,45.42
July,45.42
July,45.41
July,45.4
July,45.4
July,45.4
May,45.39
August,45.36
July,45.36
June,45.36
August,45.35
May,45.35
June,45.34
May,45.34
May,45.34
May,45.32
May,45.32
August,45.31
July,45.31
July,45.29
May,45.29
July,45.28
August,45.27
August,45.27
August,45.27
May,45.27
August,45.21
July,45.2
July,45.2
August,45.19
July,45.19
May,45.19
August,45.17
August,45.17
July,45.17
May,45.17
July,45.16
July,45.16
May,45.15
May,45.15
July,45.14
August,45.13
May,45.13
July,45.12
May,45.12
August,45.11
May,45.11
May,45.11
May,45.11
May,45.11
June,45.1
May,45.1
July,45.09
July,45.09
June,45.08
June,45.08
May,45.08
July,45.07
June,45.07
June,45.07
July,45.06
June,45.06
June,45.06
August,45.05
August,45.05
May,45.04
July,45.03
July,45.02
July,45.01
June,45.0
May,45.0
June,44.99
May,44.99
July,44.98
July,44.97
May,44.96
July,44.95
July,44.94
May,44.93
August,44.92
July,44.9
June,44.9
June,44.89
August,44.88
July,44.88
July,44.88
August,44.87
August,44.86
August,44.86
June,44.86
June,44.86
June,44.85
July,44.84
August,44.83
June,44.82
August,44.81
July,44.81
August,44.8
August,44.8
August,44.8
July,44.8
May,44.8
June,44.78
June,44.78
August,44.76
August,44.76
May,44.76
June,44.75
June,44.74
May,44.74
August,44.73
August,44.73
May,44.73
May,44.73
August,44.72
June,44.72
May,44.72
August,44.71
August,44.71
July,44.71
July,44.71
May,44.71
May,44.71
May,44.71
August,44.69
July,44.68
June,44.66
May,44.66
June,44.65
July,44.64
June,44.64
June,44.64
June,44.64
June,44.64
June,44.64
June,44.63
June,44.63
June,44.63
June,44.63
June,44.62
August,44.61
August,44.61
July,44.61
May,44.6
July,44.59
July,44.59
June,44.59
May,44.59
June,44.58
June,44.58
August,44.57
August,44.57
July,44.57
June,44.57
June,44.57
May,44.55
May,44.55
May,44.55
June,44.53
July,44.52
June,44.52
August,44.51
August,44.51
July,44.51
June,44.51
June,44.51
May,44.51
May,44.51
June,44.5
May,44.5
June,44.49
May,44.48
June,44.47
June,44.47
May,44.46
June,44.45
May,44.43
August,44.4
May,44.4
July,44.39
July,44.39
May,44.39
May,44.39
August,44.38
May,44.38
August,44.37
May,44.37
June,44.34
August,44.33
June,44.33
May,44.33
May,44.31
May,44.3
August,44.29
May,44.29
August,44.28
August,44.27
August,44.25
July,44.25
May,44.25
August,44.23
August,44.23
August,44.23
June,44.22
May,44.22
August,44.19
July,44.19
August,44.18
August,44.18
August,44.18
June,44.18
May,44.18
July,44.15
July,44.15
July,44.15
June,44.15
May,44.15
May,44.15
July,44.14
June,44.14
June,44.14
May,44.14
August,44.13
June,44.13
May,44.12
May,44.12
August,44.11
June,44.1
June,44.1
June,44.1
July,44.09
July,44.09
June,44.09
August,44.08
May,44.08
May,44.08
June,44.07
June,44.05
July,44.04
July,44.04
July,44.04
July,44.04
July,44.04
July,44.03
August,44.02
July,44.01
June,44.0
August,43.98
July,43.98
June,43.97
August,43.95
May,43.95
August,43.94
May,43.94
May,43.94
July,43.92
July,43.92
June,43.92
May,43.92
August,43.91
July,43.9
July,43.9
August,43.89
August,43.86
August,43.84
June,43.84
June,43.84
August,43.83
August,43.83
July,43.83
July,43.83
May,43.83
June,43.82
August,43.79
August,43.78
July,43.78
July,43.77
July,43.77
June,43.77
June,43.77
May,43.77
May,43.77
July,43.75
July,43.75
June,43.74
May,43.73
May,43.72
August,43.71
June,43.71
May,43.71
August,43.69
July,43.68
June,43.68
June,43.68
May,43.66
July,43.65
May,43.65
July,43.62
August,43.61
May,43.61
May,43.61
July,43.6
June,43.6
June,43.6
June,43.6
June,43.59
May,43.59
May,43.59
May,43.59
July,43.58
July,43.58
July,43.58
August,43.57
July,43.57
May,43.57
June,43.56
July,43.55
August,43.54
July,43.54
July,43.54
July,43.54
August,43.53
June,43.53
August,43.51
August,43.51
May,43.51
July,43.5
June,43.49
July,43.48
June,43.47
June,43.47
June,43.47
June,43.47
June,43.47
August,43.44
July,43.44
June,43.44
May,43.44
June,43.43
June,43.43
August,43.42
August,43.42
June,43.42
June,43.42
June,43.42
August,43.41
July,43.41
August,43.4
August,43.4
May,43.4
May,43.4
June,43.39
May,43.39
May,43.39
May,43.39
May,43.39
August,43.38
May,43.38
August,43.37
June,43.37
June,43.37
June,43.34
May,43.31
August,43.3
June,43.3
June,43.3
May,43.3
August,43.29
June,43.29
June,43.29
May,43.28
July,43.27
July,43.27
May,43.27
May,43.27
July,43.26
June,43.26
June,43.25
June,43.25
May,43.24
June,43.23
May,43.23
May,43.22
August,43.2
August,43.2
July,43.2
July,43.2
July,43.2
July,43.2
July,43.2
June,43.2
June,43.2
August,43.18
June,43.18
June,43.18
June,43.18
June,43.18
June,43.18
June,43.18
June,43.18
July,43.17
May,43.17
May,43.15
May,43.15
July,43.14
July,43.13
May,43.13
July,43.12
June,43.12
May,43.12
August,43.1
May,43.1
May,43.1
May,43.08
May,43.07
May,43.05
May,43.05
May,43.05
July,43.04
May,43.04
July,43.03
July,43.03
May,43.03
May,43.03
May,43.02
May,43.02
July,43.01
May,43.01
August,42.99
July,42.98
June,42.97
May,42.97
July,42.95
August,42.94
June,42.93
June,42.93
July,42.92
June,42.91
May,42.91
May,42.91
August,42.9
August,42.9
August,42.89
July,42.89
June,42.89
June,42.89
June,42.89
May,42.87
May,42.87
July,42.86
August,42.85
June,42.85
June,42.85
August,42.84
August,42.84
July,42.84
June,42.83
June,42.83
May,42.82
May,42.82
June,42.81
July,42.8
June,42.8
May,42.79
August,42.78
August,42.77
August,42.77
July,42.76
July,42.76
June,42.76
June,42.76
June,42.76
June,42.76
June,42.76
May,42.76
August,42.75
August,42.75
August,42.75
June,42.75
June,42.75
June,42.75
June,42.75
May,42.75
May,42.75
May,42.75
May,42.75
June,42.74
August,42.73
May,42.73
August,42.72
June,42.72
May,42.72
May,42.72
May,42.72
July,42.71
July,42.71
August,42.7
August,42.68
August,42.68
July,42.68
July,42.68
July,42.68
May,42.68
May,42.68
June,42.67
July,42.66
July,42.65
July,42.65
July,42.65
August,42.64
August,42.64
July,42.64
July,42.64
June,42.64
June,42.64
May,42.63
August,42.62
August,42.62
July,42.62
July,42.62
June,42.62
May,42.61
May,42.61
July,42.6
May,42.6
May,42.59
July,42.58
August,42.57
July,42.57
May,42.57
August,42.56
July,42.56
May,42.56
July,42.55
August,42.54
May,42.54
May,42.54
May,42.54
August,42.53
July,42.53
July,42.53
June,42.53
June,42.53
August,42.52
August,42.52
August,42.52
July,42.52
July,42.52
July,42.51
May,42.51
May,42.51
July,42.5
May,42.5
May,42.5
May,42.5
May,42.5
August,42.49
July,42.49
June,42.48
June,42.48
May,42.48
May,42.48
August,42.47
July,42.47
June,42.45
June,42.45
June,42.45
July,42.44
July,42.44
June,42.44
July,42.43
July,42.43
May,42.42
August,42.41
July,42.41
June,42.41
May,42.41
August,42.4
May,42.39
August,42.38
August,42.38
June,42.38
August,42.37
August,42.37
May,42.37
August,42.36
June,42.36
June,42.36
August,42.35
August,42.35
June,42.34
May,42.34
May,42.34
August,42.33
May,42.33
May,42.33
August,42.32
May,42.32
July,42.31
August,42.3
May,42.3
July,42.29
May,42.28
May,42.27
May,42.27
May,42.26
May,42.26
May,42.26
May,42.24
July,42.23
July,42.23
June,42.23
August,42.22
June,42.22
June,42.22
June,42.21
June,42.21
August,42.2
July,42.2
July,42.2
May,42.2
June,42.18
May,42.18
July,42.17
May,42.16
June,42.15
June,42.15
June,42.15
May,42.15
July,42.13
July,42.12
June,42.12
May,42.12
August,42.1
August,42.1
August,42.09
July,42.09
July,42.09
May,42.09
August,42.07
May,42.07
June,42.06
June,42.06
May,42.06
July,42.05
June,42.05
May,42.05
May,42.04
May,42.04
August,42.03
August,42.03
August,42.02
August,42.02
August,42.02
August,42.02
May,42.02
May,42.02
June,42.01
June,42.01
June,42.01
May,42.01
June,42.0
July,41.99
July,41.99
May,41.98
August,41.97
June,41.96
August,41.95
July,41.95
June,41.95
June,41.95
May,41.94
May,41.94
August,41.93
June,41.93
August,41.92
June,41.91
May,41.91
May,41.91
June,41.9
June,41.89
August,41.87
August,41.87
July,41.86
July,41.86
July,41.85
May,41.85
July,41.84
May,41.84
May,41.84
August,41.83
August,41.83
May,41.81
June,41.8
June,41.79
June,41.77
June,41.77
June,41.75
June,41.75
May,41.75
May,41.74
May,41.74
August,41.73
July,41.73
May,41.73
August,41.72
August,41.72
July,41.72
July,41.72
June,41.72
July,41.69
May,41.69
June,41.67
August,41.65
May,41.65
August,41.64
May,41.64
May,41.64
August,41.63
August,41.63
July,41.63
July,41.62
June,41.62
May,41.58
June,41.57
July,41.56
July,41.56
July,41.56
July,41.56
May,41.56
June,41.55
May,41.55
August,41.54
August,41.54
July,41.54
August,41.53
August,41.53
June,41.53
June,41.53
June,41.53
June,41.51
June,41.51
May,41.51
June,41.5
June,41.49
June,41.48
June,41.48
June,41.48
May,41.48
June,41.47
June,41.46
August,41.45
August,41.45
May,41.45
May,41.45
July,41.44
August,41.43
July,41.43
May,41.43
August,41.42
August,41.42
May,41.42
July,41.41
July,41.41
June,41.41
August,41.4
July,41.4
July,41.4
July,41.4
July,41.38
July,41.38
June,41.38
June,41.38
August,41.37
August,41.37
May,41.35
August,41.34
July,41.34
July,41.34
July,41.34
June,41.34
May,41.34
July,41.32
May,41.31
May,41.31
May,41.31
May,41.31
July,41.3
June,41.3
June,41.3
July,41.28
June,41.28
May,41.28
May,41.28
May,41.28
August,41.27
June,41.26
June,41.26
June,41.26
July,41.24
May,41.24
May,41.24
August,41.23
August,41.23
August,41.23
June,41.23
June,41.23
August,41.22
July,41.22
July,41.22
May,41.22
June,41.21
May,41.21
May,41.21
June,41.2
May,41.2
August,41.19
August,41.19
July,41.19
May,41.19
August,41.18
May,41.18
May,41.18
May,41.18
May,41.18
August,41.17
May,41.16
August,41.15
August,41.15
June,41.15
August,41.14
August,41.14
May,41.14
August,41.13
August,41.13
July,41.13
July,41.13
July,41.13
July,41.13
August,41.12
July,41.12
May,41.12
May,41.12
August,41.11
June,41.09
May,41.09
August,41.08
August,41.08
July,41.08
June,41.07
May,41.06
May,41.06
July,41.05
August,41.04
July,41.04
July,41.03
July,41.03
July,41.02
August,41.01
July,41.01
July,41.01
May,41.01
July,41.0
June,40.99
June,40.99
August,40.98
June,40.98
June,40.98
June,40.98
August,40.97
July,40.97
July,40.96
August,40.94
August,40.94
June,40.94
June,40.94
July,40.93
June,40.93
July,40.92
July,40.92
July,40.92
July,40.92
August,40.91
August,40.91
August,40.91
July,40.91
July,40.91
July,40.91
May,40.9
August,40.89
July,40.88
June,40.88
June,40.88
June,40.88
August,40.87
August,40.87
August,40.87
August,40.87
May,40.87
May,40.87
May,40.87
May,40.87
June,40.86
August,40.85
August,40.84
May,40.84
May,40.84
August,40.83
August,40.83
July,40.83
July,40.81
May,40.81
July,40.8
July,40.8
June,40.8
May,40.8
July,40.79
May,40.79
July,40.78
July,40.77
July,40.76
June,40.76
June,40.76
June,40.76
May,40.76
May,40.76
August,40.75
August,40.75
August,40.75
August,40.75
July,40.75
May,40.75
August,40.73
June,40.72
June,40.72
June,40.72
June,40.72
June,40.71
August,40.7
August,40.7
August,40.7
August,40.68
August,40.68
July,40.68
August,40.67
August,40.67
July,40.67
August,40.64
August,40.64
August,40.64
July,40.64
July,40.64
July,40.63
July,40.63
July,40.63
July,40.62
July,40.61
May,40.61
August,40.6
June,40.59
June,40.59
July,40.58
June,40.58
June,40.58
June,40.57
June,40.56
August,40.55
August,40.55
June,40.53
May,40.53
July,40.51
July,40.51
August,40.5
July,40.5
May,40.5
May,40.5
May,40.49
August,40.48
July,40.48
July,40.48
July,40.47
August,40.46
August,40.46
June,40.46
June,40.45
August,40.43
August,40.43
May,40.43
May,40.43
May,40.43
August,40.42
August,40.42
June,40.42
May,40.42
June,40.41
May,40.41
May,40.41
August,40.4
June,40.4
June,40.4
July,40.38
June,40.38
June,40.37
June,40.37
August,40.35
June,40.34
August,40.33
August,40.33
July,40.33
July,40.33
July,40.32
August,40.31
August,40.31
July,40.31
June,40.31
June,40.31
June,40.31
May,40.31
August,40.3
August,40.3
August,40.3
August,40.29
August,40.28
July,40.27
June,40.27
June,40.27
June,40.26
June,40.26
June,40.26
June,40.26
June,40.26
May,40.26
August,40.25
August,40.25
August,40.25
June,40.25
August,40.24
June,40.24
August,40.23
June,40.23
June,40.23
August,40.22
August,40.22
August,40.22
June,40.22
May,40.21
May,40.21
May,40.21
May,40.21
August,40.19
August,40.19
August,40.19
July,40.19
June,40.19
August,40.18
August,40.18
July,40.18
June,40.17
May,40.17
May,40.17
May,40.17
May,40.17
June,40.16
August,40.14
June,40.14
May,40.14
May,40.14
June,40.13
July,40.12
May,40.11
May,40.11
May,40.11
July,40.1
July,40.1
July,40.09
July,40.09
July,40.08
August,40.06
July,40.06
July,40.06
June,40.06
June,40.05
May,40.05
May,40.04
May,40.03
August,40.02
August,40.02
August,40.02
July,40.02
July,40.02
July,40.01
May,40.01
May,40.01
May,40.01
June,40.0
May,40.0
August,39.99
July,39.99
June,39.99
May,39.99
May,39.98
August,39.97
May,39.97
May,39.97
June,39.96
June,39.96
May,39.96
July,39.95
July,39.95
July,39.95
July,39.94
July,39.94
May,39.93
June,39.92
June,39.92
August,39.91
August,39.91
June,39.91
June,39.91
May,39.91
August,39.9
June,39.9
July,39.89
May,39.89
May,39.89
July,39.86
June,39.86
June,39.86
August,39.85
July,39.84
July,39.84
June,39.84
May,39.83
May,39.81
August,39.8
August,39.79
May,39.79
August,39.78
August,39.78
June,39.78
May,39.78
May,39.78
May,39.78
May,39.78
May,39.78
June,39.77
May,39.77
June,39.76
June,39.75
June,39.75
May,39.75
July,39.73
May,39.73
August,39.7
August,39.7
August,39.69
July,39.68
July,39.68
July,39.65
May,39.65
May,39.65
June,39.64
May,39.64
August,39.63
August,39.63
July,39.63
July,39.63
July,39.62
August,39.61
May,39.6
July,39.58
July,39.56
July,39.56
July,39.56
May,39.56
July,39.55
July,39.55
July,39.54
July,39.54
June,39.54
May,39.54
August,39.52
July,39.5
May,39.5
August,39.49
August,39.49
May,39.49
May,39.49
August,39.48
July,39.48
May,39.48
May,39.47
June,39.46
June,39.46
August,39.45
August,39.45
August,39.45
August,39.44
August,39.43
June,39.43
June,39.42
June,39.42
July,39.41
May,39.41
August,39.4
July,39.4
July,39.4
July,39.4
May,39.4
August,39.38
August,39.38
June,39.38
May,39.38
May,39.37
May,39.37
May,39.37
May,39.36
August,39.35
June,39.35
June,39.35
May,39.35
May,39.35
May,39.35
June,39.34
June,39.34
May,39.34
August,39.33
June,39.32
May,39.32
May,39.32
June,39.31
June,39.31
June,39.31
May,39.31
June,39.3
July,39.29
July,39.29
May,39.28
August,39.27
May,39.27
June,39.26
May,39.26
June,39.25
July,39.24
July,39.24
May,39.24
August,39.23
June,39.23
June,39.23
June,39.23
May,39.23
May,39.22
August,39.21
August,39.21
August,39.2
July,39.2
July,39.2
July,39.19
July,39.18
August,39.15
August,39.15
July,39.15
June,39.14
June,39.14
June,39.14
July,39.13
July,39.13
July,39.13
August,39.12
June,39.12
May,39.12
July,39.1
July,39.1
May,39.1
May,39.09
May,39.09
May,39.09
May,39.08
May,39.08
May,39.08
July,39.06
July,39.06
June,39.05
May,39.05
July,39.04
July,39.04
June,39.04
May,39.04
May,39.04
August,39.03
August,39.03
August,39.03
August,39.02
May,39.02
May,39.02
May,39.02
August,39.0
May,39.0
June,38.99
July,38.98
July,38.98
July,38.98
July,38.98
July,38.97
July,38.97
May,38.97
July,38.96
August,38.95
August,38.95
June,38.95
June,38.95
May,38.95
May,38.95
May,38.94
June,38.93
June,38.93
June,38.93
June,38.93
May,38.93
June,38.92
August,38.9
August,38.9
August,38.89
August,38.89
July,38.89
July,38.89
June,38.89
June,38.89
June,38.88
June,38.88
June,38.88
June,38.87
June,38.87
May,38.86
May,38.83
May,38.83
May,38.83
August,38.82
July,38.82
June,38.81
May,38.79
July,38.78
July,38.78
July,38.77
June,38.77
May,38.77
June,38.76
June,38.76
June,38.76
July,38.75
June,38.75
July,38.74
June,38.73
July,38.72
June,38.72
May,38.71
July,38.7
June,38.7
June,38.7
May,38.7
May,38.7
August,38.69
June,38.69
August,38.67
August,38.66
August,38.66
August,38.66
June,38.66
June,38.66
June,38.66
June,38.65
August,38.64
July,38.64
June,38.64
June,38.64
July,38.63
May,38.63
August,38.62
May,38.61
July,38.58
May,38.58
May,38.58
June,38.57
June,38.57
August,38.56
August,38.56
June,38.56
July,38.55
July,38.55
August,38.54
August,38.54
July,38.54
July,38.54
June,38.54
June,38.54
July,38.53
July,38.53
July,38.53
June,38.53
June,38.52
May,38.51
May,38.51
August,38.5
June,38.5
June,38.5
May,38.5
August,38.49
August,38.49
June,38.49
June,38.49
June,38.49
July,38.47
July,38.47
May,38.47
August,38.45
August,38.45
June,38.45
August,38.44
June,38.44
May,38.44
May,38.44
August,38.43
August,38.43
August,38.43
May,38.43
June,38.42
June,38.42
June,38.42
May,38.42
July,38.41
June,38.41
June,38.41
June,38.41
July,38.38
July,38.38
May,38.38
May,38.36
August,38.33
August,38.33
August,38.32
June,38.32
June,38.32
May,38.32
July,38.31
July,38.31
May,38.31
August,38.3
August,38.3
May,38.3
May,38.3
August,38.29
May,38.27
May,38.25
May,38.25
July,38.24
July,38.23
July,38.23
June,38.23
May,38.22
May,38.22
June,38.21
June,38.21
July,38.2
August,38.18
June,38.18
June,38.18
June,38.18
May,38.18
July,38.17
August,38.16
August,38.16
May,38.16
July,38.15
July,38.14
July,38.13
May,38.13
July,38.12
August,38.11
August,38.11
August,38.11
July,38.1
July,38.1
August,38.09
May,38.09
July,38.08
July,38.08
May,38.08
May,38.08
May,38.06
June,38.05
June,38.05
August,38.04
August,38.04
July,38.04
July,38.04
August,38.03
August,38.03
July,38.03
June,38.03
August,38.02
August,38.02
August,38.01
July,38.01
May,38.01
June,38.0
August,37.99
August,37.99
August,37.99
May,37.99
May,37.99
July,37.97
August,37.96
July,37.96
July,37.96
July,37.96
June,37.96
July,37.95
July,37.95
July,37.95
July,37.95
June,37.94
May,37.93
June,37.92
May,37.91
May,37.91
August,37.87
May,37.87
July,37.86
July,37.86
July,37.86
July,37.85
May,37.85
May,37.85
July,37.84
August,37.83
August,37.83
May,37.83
May,37.83
August,37.8
July,37.8
July,37.8
July,37.8
July,37.8
July,37.8
May,37.8
May,37.79
August,37.78
May,37.78
June,37.77
June,37.75
May,37.75
June,37.74
August,37.73
August,37.73
July,37.73
July,37.73
July,37.73
July,37.73
May,37.73
May,37.72
July,37.71
August,37.7
August,37.7
July,37.7
June,37.7
June,37.7
June,37.7
May,37.7
June,37.69
May,37.69
May,37.68
July,37.67
July,37.67
May,37.67
May,37.67
June,37.66
June,37.66
May,37.66
July,37.65
August,37.64
June,37.63
June,37.63
July,37.62
June,37.62
May,37.62
May,37.6
August,37.59
August,37.59
August,37.58
July,37.57
June,37.56
August,37.54
May,37.54
May,37.54
May,37.54
May,37.54
June,37.53
June,37.52
June,37.52
May,37.52
May,37.52
July,37.51
June,37.51
May,37.51
May,37.51
May,37.5
August,37.49
June,37.49
June,37.49
July,37.48
July,37.48
July,37.48
July,37.48
May,37.48
July,37.47
May,37.47
August,37.46
May,37.46
July,37.45
July,37.45
August,37.43
May,37.43
August,37.42
July,37.42
June,37.42
June,37.42
August,37.4
July,37.4
June,37.4
June,37.4
May,37.39
May,37.39
July,37.38
July,37.38
June,37.38
August,37.37
May,37.37
August,37.35
July,37.35
June,37.35
June,37.34
May,37.34
May,37.34
May,37.33
June,37.32
June,37.32
May,37.32
May,37.32
August,37.31
July,37.31
July,37.31
May,37.31
August,37.3
August,37.29
June,37.29
June,37.29
August,37.28
August,37.27
July,37.26
July,37.25
May,37.25
June,37.24
August,37.23
August,37.23
July,37.23
August,37.22
August,37.22
July,37.22
July,37.22
June,37.22
June,37.22
May,37.22
May,37.22
June,37.21
May,37.21
May,37.21
August,37.2
August,37.2
May,37.2
May,37.2
May,37.2
August,37.18
July,37.18
July,37.17
July,37.17
July,37.17
July,37.16
August,37.15
July,37.14
June,37.13
July,37.12
July,37.11
June,37.11
August,37.09
August,37.09
August,37.08
August,37.08
July,37.08
July,37.08
August,37.07
July,37.07
July,37.07
May,37.07
May,37.07
May,37.07
August,37.06
June,37.06
August,37.05
May,37.05
June,37.04
June,37.01
June,37.0
June,37.0
July,36.99
August,36.96
August,36.96
June,36.96
May,36.96
May,36.96
July,36.95
July,36.95
May,36.95
July,36.94
June,36.94
May,36.94
July,36.93
June,36.93
July,36.92
July,36.92
July,36.91
July,36.91
June,36.91
July,36.9
June,36.9
July,36.89
June,36.89
August,36.88
August,36.88
May,36.88
July,36.87
June,36.87
May,36.87
May,36.87
July,36.86
May,36.84
June,36.83
August,36.82
July,36.82
August,36.8
July,36.8
May,36.8
July,36.78
July,36.78
July,36.78
May,36.77
July,36.76
July,36.76
May,36.75
August,36.74
August,36.74
August,36.74
July,36.74
July,36.73
May,36.72
August,36.71
August,36.71
July,36.71
June,36.71
June,36.71
May,36.71
June,36.7
August,36.69
August,36.69
June,36.69
June,36.69
June,36.69
May,36.68
August,36.66
May,36.66
May,36.66
May,36.66
July,36.65
July,36.64
June,36.64
June,36.64
May,36.64
August,36.63
August,36.63
June,36.63
August,36.61
July,36.61
June,36.59
June,36.59
June,36.59
June,36.57
May,36.57
August,36.56
August,36.56
June,36.55
June,36.55
May,36.55
August,36.53
August,36.52
August,36.52
May,36.52
August,36.51
June,36.51
May,36.5
June,36.49
June,36.48
August,36.47
August,36.47
August,36.46
August,36.46
July,36.46
June,36.46
May,36.46
August,36.45
July,36.43
July,36.42
May,36.42
August,36.4
June,36.4
June,36.4
July,36.38
July,36.38
July,36.38
June,36.38
August,36.37
August,36.37
June,36.37
June,36.37
July,36.34
May,36.34
July,36.33
June,36.33
August,36.32
August,36.32
August,36.32
July,36.31
May,36.31
August,36.3
June,36.3
May,36.3
May,36.3
June,36.29
May,36.29
July,36.28
June,36.22
June,36.22
May,36.22
May,36.22
August,36.2
May,36.2
May,36.2
August,36.18
June,36.18
May,36.18
August,36.17
May,36.17
June,36.16
May,36.15
May,36.15
May,36.15
August,36.14
July,36.14
June,36.14
August,36.13
August,36.13
August,36.13
July,36.12
June,36.12
June,36.12
June,36.11
August,36.1
July,36.1
July,36.09
June,36.09
May,36.08
July,36.07
May,36.07
August,36.06
August,36.06
August,36.06
May,36.06
August,36.05
August,36.05
June,36.05
June,36.05
August,36.04
May,36.02
June,36.01
May,36.01
August,36.0
August,36.0
May,36.0
August,35.98
July,35.98
July,35.98
July,35.98
June,35.98
June,35.98
June,35.96
May,35.95
June,35.92
June,35.91
July,35.9
May,35.9
August,35.88
May,35.87
August,35.86
July,35.86
July,35.86
August,35.85
August,35.85
August,35.85
June,35.85
August,35.83
August,35.83
August,35.82
June,35.82
May,35.82
May,35.81
May,35.81
August,35.8
July,35.8
June,35.78
July,35.77
July,35.77
July,35.75
July,35.75
June,35.75
August,35.74
July,35.74
July,35.74
July,35.74
July,35.72
August,35.69
August,35.69
June,35.68
May,35.68
May,35.68
May,35.68
July,35.67
June,35.66
June,35.66
July,35.65
July,35.65
July,35.65
May,35.65
August,35.64
July,35.62
June,35.62
August,35.6
July,35.6
July,35.6
July,35.6
June,35.6
May,35.6
May,35.59
August,35.58
August,35.58
May,35.58
August,35.57
August,35.57
July,35.57
July,35.56
August,35.55
August,35.55
August,35.54
June,35.54
June,35.54
August,35.53
July,35.53
July,35.53
July,35.53
July,35.51
July,35.51
August,35.49
July,35.49
June,35.49
June,35.49
June,35.48
May,35.48
May,35.48
June,35.46
May,35.46
August,35.45
July,35.45
July,35.45
June,35.45
June,35.45
July,35.43
June,35.43
July,35.42
July,35.42
June,35.41
July,35.4
June,35.4
August,35.39
May,35.39
May,35.39
July,35.38
August,35.37
May,35.37
May,35.36
May,35.36
August,35.35
August,35.35
June,35.35
June,35.35
May,35.35
August,35.34
June,35.34
June,35.34
August,35.33
May,35.33
August,35.32
August,35.32
May,35.32
May,35.31
May,35.31
July,35.3
July,35.3
July,35.3
June,35.3
May,35.3
May,35.3
May,35.3
May,35.3
July,35.29
August,35.28
June,35.28
May,35.26
May,35.26
August,35.25
July,35.25
July,35.25
May,35.25
May,35.25
August,35.23
August,35.23
August,35.23
July,35.23
May,35.22
August,35.21
August,35.21
August,35.19
May,35.19
July,35.18
May,35.17
June,35.16
June,35.15
May,35.15
August,35.12
August,35.11
May,35.11
July,35.1
June,35.1
May,35.1
May,35.1
May,35.1
May,35.1
August,35.08
August,35.08
August,35.07
August,35.07
August,35.06
July,35.06
May,35.06
June,35.05
June,35.04
May,35.04
July,35.03
May,35.03
May,35.02
June,35.01
July,35.0
July,35.0
August,34.99
August,34.99
August,34.99
August,34.98
August,34.97
May,34.97
May,34.97
August,34.96
July,34.96
August,34.95
July,34.95
May,34.95
May,34.95
June,34.94
June,34.93
August,34.91
August,34.91
June,34.91
August,34.9
May,34.9
August,34.88
May,34.87
May,34.87
June,34.86
August,34.85
August,34.84
May,34.84
May,34.84
July,34.83
July,34.83
July,34.83
August,34.82
June,34.81
June,34.81
May,34.81
August,34.8
August,34.8
June,34.8
July,34.79
June,34.79
June,34.79
August,34.78
August,34.78
May,34.78
May,34.78
June,34.77
May,34.77
August,34.76
June,34.76
May,34.76
July,34.75
July,34.74
June,34.74
May,34.74
May,34.74
May,34.74
May,34.73
June,34.72
May,34.72
August,34.71
August,34.71
June,34.71
May,34.71
August,34.69
August,34.69
August,34.68
July,34.68
June,34.68
May,34.68
May,34.67
May,34.67
June,34.66
May,34.66
June,34.65
June,34.65
May,34.65
June,34.64
May,34.64
June,34.63
May,34.63
August,34.62
August,34.62
June,34.62
June,34.62
May,34.61
August,34.6
May,34.6
May,34.6
May,34.6
July,34.59
May,34.59
June,34.58
June,34.57
June,34.57
May,34.57
August,34.56
June,34.56
June,34.56
May,34.56
July,34.53
June,34.53
July,34.52
June,34.52
July,34.51
August,34.49
June,34.49
May,34.49
August,34.48
June,34.48
May,34.47
July,34.46
July,34.46
June,34.44
May,34.44
May,34.44
May,34.44
July,34.43
May,34.43
May,34.43
May,34.43
August,34.42
July,34.42
July,34.42
May,34.42
June,34.41
May,34.41
August,34.4
June,34.4
May,34.4
May,34.4
July,34.39
May,34.39
May,34.39
August,34.38
June,34.38
June,34.38
May,34.38
July,34.37
July,34.36
June,34.36
May,34.36
May,34.36
June,34.35
July,34.34
August,34.33
August,34.33
May,34.33
July,34.31
May,34.31
May,34.31
July,34.3
July,34.3
June,34.3
May,34.3
August,34.29
July,34.29
June,34.29
June,34.29
May,34.29
May,34.29
August,34.28
August,34.28
May,34.28
May,34.27
May,34.27
May,34.26
August,34.22
July,34.22
July,34.21
July,34.21
May,34.21
May,34.2
June,34.17
August,34.15
July,34.14
July,34.14
July,34.14
July,34.14
July,34.14
June,34.14
June,34.14
August,34.13
June,34.12
May,34.12
August,34.11
July,34.11
July,34.09
June,34.09
May,34.09
August,34.08
July,34.08
May,34.08
May,34.08
May,34.08
July,34.07
June,34.07
June,34.07
August,34.06
August,34.06
August,34.06
June,34.05
July,34.04
August,34.03
August,34.02
May,34.01
August,34.0
August,34.0
July,34.0
July,34.0
May,34.0
July,33.99
July,33.99
July,33.99
July,33.99
August,33.97
May,33.97
July,33.96
July,33.95
June,33.95
August,33.94
July,33.93
August,33.91
August,33.9
July,33.9
July,33.9
June,33.9
June,33.9
May,33.9
May,33.89
August,33.88
July,33.88
June,33.88
June,33.88
June,33.87
June,33.86
August,33.85
August,33.85
July,33.85
May,33.85
May,33.85
May,33.85
June,33.84
June,33.84
August,33.83
July,33.81
August,33.79
June,33.79
August,33.78
July,33.78
June,33.78
August,33.77
June,33.77
August,33.76
August,33.76
July,33.76
June,33.76
May,33.76
July,33.75
May,33.74
May,33.74
May,33.74
August,33.73
August,33.73
July,33.73
August,33.72
August,33.72
August,33.71
June,33.71
August,33.68
July,33.67
June,33.67
May,33.67
May,33.67
June,33.66
June,33.66
June,33.66
June,33.66
July,33.65
June,33.65
June,33.64
May,33.63
July,33.62
June,33.62
June,33.62
May,33.62
May,33.62
July,33.61
May,33.61
May,33.61
August,33.6
May,33.59
May,33.58
May,33.58
June,33.57
July,33.56
May,33.55
July,33.54
June,33.52
July,33.51
July,33.51
July,33.51
May,33.51
July,33.5
July,33.5
July,33.49
July,33.49
August,33.46
July,33.46
July,33.46
July,33.44
July,33.44
July,33.44
July,33.44
July,33.43
June,33.43
May,33.43
August,33.42
May,33.42
May,33.42
May,33.42
May,33.41
May,33.41
July,33.4
August,33.39
August,33.39
July,33.39
June,33.39
May,33.39
August,33.38
August,33.37
August,33.37
July,33.37
August,33.35
August,33.35
June,33.35
May,33.35
August,33.33
August,33.33
June,33.33
May,33.33
May,33.33
August,33.32
June,33.32
June,33.31
June,33.31
June,33.31
June,33.31
August,33.29
June,33.29
June,33.29
June,33.29
June,33.29
May,33.29
May,33.29
August,33.28
August,33.28
August,33.28
June,33.28
May,33.28
May,33.26
June,33.25
June,33.25
June,33.24
August,33.23
August,33.23
August,33.23
July,33.23
August,33.22
August,33.22
July,33.22
June,33.22
June,33.22
June,33.22
May,33.22
August,33.2
August,33.2
July,33.2
August,33.18
August,33.18
May,33.18
May,33.18
June,33.17
May,33.17
May,33.17
May,33.15
July,33.14
June,33.14
August,33.13
June,33.13
June,33.12
June,33.12
June,33.12
August,33.11
July,33.11
July,33.11
June,33.11
August,33.1
June,33.1
August,33.09
May,33.08
May,33.08
May,33.08
June,33.06
August,33.05
July,33.05
July,33.05
June,33.05
June,33.05
July,33.04
July,33.04
June,33.04
May,33.04
August,33.03
August,33.03
May,33.03
May,33.01
August,32.99
July,32.99
July,32.99
June,32.99
July,32.98
August,32.97
June,32.97
August,32.96
July,32.96
August,32.95
August,32.95
July,32.95
July,32.95
August,32.93
July,32.93
July,32.92
June,32.92
August,32.9
August,32.9
July,32.9
June,32.89
July,32.88
July,32.88
August,32.87
July,32.87
July,32.86
May,32.86
July,32.84
June,32.84
August,32.83
July,32.83
June,32.83
May,32.82
August,32.8
July,32.8
June,32.8
August,32.77
June,32.77
June,32.76
May,32.76
July,32.75
May,32.75
August,32.73
June,32.73
June,32.73
August,32.72
August,32.69
July,32.69
May,32.68
June,32.67
May,32.65
July,32.64
June,32.64
June,32.64
August,32.62
August,32.62
July,32.62
August,32.6
August,32.6
August,32.59
August,32.58
August,32.58
May,32.58
May,32.58
June,32.57
May,32.57
May,32.57
August,32.56
August,32.56
August,32.56
May,32.56
June,32.54
June,32.54
June,32.54
May,32.53
August,32.5
June,32.49
May,32.49
August,32.48
August,32.48
June,32.48
June,32.48
June,32.48
June,32.48
May,32.48
May,32.48
May,32.48
May,32.47
May,32.47
May,32.47
August,32.46
August,32.45
July,32.45
June,32.45
August,32.43
August,32.43
June,32.43
May,32.43
August,32.42
August,32.42
May,32.41
May,32.41
August,32.4
July,32.4
July,32.39
May,32.39
July,32.37
May,32.37
June,32.36
August,32.35
July,32.34
May,32.32
August,32.3
August,32.29
August,32.29
August,32.29
August,32.29
August,32.29
July,32.29
July,32.27
June,32.27
June,32.27
August,32.26
July,32.26
July,32.26
July,32.26
June,32.26
May,32.26
June,32.24
June,32.24
July,32.23
June,32.23
June,32.23
August,32.22
July,32.22
May,32.22
August,32.21
July,32.21
June,32.21
June,32.21
August,32.2
July,32.2
July,32.2
August,32.19
August,32.19
August,32.19
June,32.18
May,32.18
June,32.17
June,32.17
June,32.17
June,32.17
August,32.16
August,32.16
August,32.15
June,32.15
June,32.15
June,32.15
August,32.12
May,32.11
May,32.11
May,32.11
June,32.1
August,32.09
June,32.09
June,32.09
August,32.08
June,32.08
July,32.07
July,32.06
June,32.06
August,32.05
June,32.05
June,32.05
June,32.04
May,32.04
August,32.03
July,32.03
July,32.03
June,32.03
June,32.03
June,32.03
July,32.02
July,32.02
May,32.02
May,32.02
May,32.02
May,32.02
June,32.01
August,32.0
August,32.0
June,32.0
May,31.99
May,31.99
May,31.99
August,31.98
June,31.98
May,31.98
May,31.98
July,31.97
July,31.97
July,31.97
May,31.95
August,31.94
July,31.94
July,31.94
July,31.94
May,31.94
August,31.92
July,31.91
July,31.9
May,31.9
July,31.89
July,31.88
July,31.88
July,31.88
June,31.88
July,31.87
July,31.87
August,31.86
August,31.86
May,31.86
May,31.86
May,31.86
July,31.85
June,31.84
May,31.83
May,31.83
July,31.82
May,31.82
July,31.8
July,31.79
May,31.79
May,31.79
May,31.79
June,31.78
August,31.76
June,31.75
June,31.73
June,31.71
May,31.71
August,31.7
July,31.7
July,31.68
June,31.68
August,31.67
June,31.67
June,31.67
June,31.67
July,31.66
May,31.65
May,31.63
May,31.62
August,31.61
June,31.61
August,31.6
July,31.59
July,31.59
August,31.58
July,31.58
June,31.58
June,31.58
June,31.58
June,31.57
June,31.57
May,31.57
August,31.56
July,31.56
June,31.56
June,31.55
May,31.55
August,31.54
May,31.54
May,31.54
August,31.52
July,31.52
May,31.51
June,31.5
May,31.5
July,31.49
July,31.49
July,31.49
July,31.49
July,31.49
May,31.47
May,31.47
May,31.47
August,31.45
May,31.45
July,31.44
June,31.44
June,31.44
June,31.43
May,31.42
July,31.41
May,31.4
May,31.4
June,31.39
June,31.38
June,31.38
June,31.38
May,31.37
August,31.35
July,31.35
August,31.34
July,31.34
June,31.34
May,31.34
May,31.34
May,31.34
August,31.33
July,31.33
May,31.32
June,31.31
June,31.31
June,31.31
May,31.31
May,31.31
May,31.31
August,31.3
July,31.3
July,31.3
June,31.3
June,31.3
May,31.29
May,31.29
August,31.28
July,31.28
August,31.27
July,31.26
June,31.26
June,31.26
August,31.25
June,31.25
June,31.25
June,31.25
July,31.23
May,31.22
May,31.22
August,31.21
August,31.21
July,31.21
August,31.2
July,31.2
July,31.19
August,31.16
June,31.15
May,31.15
July,31.14
July,31.13
June,31.13
June,31.13
August,31.11
June,31.11
August,31.1
July,31.1
July,31.08
August,31.07
August,31.06
August,31.06
August,31.06
July,31.06
May,31.06
August,31.05
July,31.05
May,31.05
June,31.04
June,31.04
July,31.03
July,31.03
July,31.03
June,31.02
May,31.02
June,31.01
July,31.0
June,31.0
May,31.0
July,30.99
July,30.99
August,30.98
July,30.97
May,30.96
August,30.95
July,30.95
May,30.94
August,30.93
July,30.91
May,30.91
June,30.89
June,30.89
July,30.88
July,30.88
August,30.87
August,30.87
July,30.87
July,30.86
June,30.86
June,30.86
June,30.85
May,30.85
August,30.84
May,30.84
August,30.83
May,30.81
July,30.8
July,30.8
August,30.78
August,30.78
August,30.77
August,30.77
June,30.77
August,30.76
July,30.76
July,30.76
May,30.76
May,30.76
August,30.75
August,30.75
August,30.75
July,30.75
July,30.74
July,30.74
June,30.74
May,30.74
August,30.73
June,30.73
June,30.73
June,30.73
June,30.72
June,30.72
May,30.72
July,30.71
June,30.71
June,30.71
May,30.71
August,30.7
August,30.7
June,30.7
August,30.69
August,30.69
June,30.69
August,30.68
August,30.68
August,30.68
July,30.67
July,30.66
August,30.65
July,30.65
July,30.65
June,30.65
August,30.63
August,30.63
June,30.63
June,30.63
June,30.62
June,30.62
August,30.61
July,30.61
June,30.61
June,30.61
May,30.61
August,30.6
July,30.59
August,30.58
June,30.58
May,30.58
May,30.58
August,30.57
August,30.57
August,30.57
July,30.57
June,30.57
June,30.57
July,30.55
August,30.54
July,30.54
July,30.54
June,30.54
June,30.54
July,30.53
July,30.53
May,30.53
July,30.52
July,30.52
July,30.51
June,30.51
May,30.51
August,30.5
July,30.49
May,30.49
June,30.48
May,30.47
May,30.47
August,30.45
August,30.45
August,30.45
August,30.44
June,30.44
June,30.44
August,30.43
August,30.43
July,30.43
July,30.43
August,30.41
July,30.41
August,30.4
August,30.4
August,30.39
July,30.39
June,30.39
August,30.38
July,30.38
June,30.38
June,30.37
August,30.36
August,30.36
July,30.36
June,30.36
August,30.35
July,30.35
June,30.35
May,30.35
May,30.35
June,30.34
May,30.34
May,30.34
May,30.33
June,30.32
June,30.32
June,30.32
May,30.32
May,30.32
June,30.31
August,30.3
July,30.3
May,30.3
July,30.29
June,30.29
May,30.29
May,30.29
May,30.29
August,30.28
June,30.28
May,30.27
August,30.26
June,30.26
August,30.25
August,30.25
August,30.25
May,30.25
August,30.24
August,30.21
June,30.2
August,30.18
July,30.18
July,30.18
July,30.18
August,30.17
July,30.17
August,30.16
August,30.16
July,30.16
May,30.16
May,30.16
August,30.15
July,30.15
July,30.14
June,30.14
August,30.13
August,30.12
July,30.12
May,30.12
May,30.12
May,30.12
July,30.09
July,30.09
June,30.08
June,30.08
July,30.07
July,30.07
July,30.07
June,30.07
July,30.05
July,30.05
June,30.05
June,30.05
July,30.04
July,30.04
July,30.04
August,30.03
July,30.02
August,30.01
August,30.0
July,30.0
July,30.0
June,30.0
June,30.0
July,29.99
May,29.99
August,29.96
July,29.95
July,29.95
August,29.93
July,29.93
June,29.92
May,29.92
July,29.91
July,29.9
May,29.89
May,29.89
August,29.88
August,29.87
June,29.86
May,29.86
May,29.86
August,29.84
July,29.84
June,29.84
June,29.84
June,29.83
June,29.82
June,29.82
May,29.82
June,29.8
May,29.8
August,29.79
August,29.79
July,29.79
June,29.79
June,29.79
May,29.79
May,29.78
July,29.77
August,29.76
June,29.76
July,29.75
June,29.75
August,29.74
June,29.74
May,29.74
August,29.73
August,29.73
July,29.73
June,29.73
May,29.73
August,29.72
August,29.72
August,29.72
August,29.72
May,29.72
June,29.7
August,29.69
August,29.66
June,29.66
June,29.64
May,29.64
May,29.64
May,29.64
August,29.63
July,29.62
July,29.61
July,29.59
May,29.59
May,29.59
July,29.57
July,29.57
July,29.56
May,29.56
July,29.55
July,29.55
June,29.55
June,29.55
August,29.54
July,29.54
July,29.54
July,29.54
June,29.54
June,29.54
June,29.54
May,29.54
June,29.53
May,29.53
May,29.53
May,29.53
June,29.51
July,29.5
July,29.5
June,29.5
June,29.49
June,29.49
May,29.48
June,29.45
July,29.44
July,29.44
July,29.44
July,29.44
May,29.44
May,29.44
May,29.44
June,29.42
May,29.42
May,29.42
August,29.41
August,29.41
May,29.4
May,29.4
May,29.4
May,29.4
May,29.4
May,29.4
July,29.39
July,29.39
June,29.39
May,29.39
May,29.39
May,29.39
August,29.38
July,29.38
August,29.37
July,29.37
June,29.37
May,29.37
May,29.37
July,29.36
July,29.36
May,29.36
July,29.35
July,29.35
May,29.35
May,29.35
August,29.34
July,29.34
June,29.34
July,29.33
June,29.33
June,29.33
July,29.32
August,29.3
August,29.29
May,29.29
July,29.28
June,29.28
July,29.27
June,29.27
June,29.27
May,29.27
May,29.26
May,29.26
July,29.25
May,29.25
May,29.24
July,29.23
June,29.23
August,29.22
August,29.22
July,29.22
June,29.21
August,29.19
August,29.19
May,29.19
May,29.18
July,29.17
May,29.17
August,29.16
July,29.16
May,29.15
July,29.14
July,29.14
May,29.12
August,29.1
August,29.1
June,29.1
July,29.09
July,29.09
July,29.09
May,29.09
July,29.08
June,29.08
June,29.08
June,29.08
June,29.07
May,29.07
May,29.07
May,29.07
August,29.05
July,29.05
July,29.05
July,29.05
June,29.05
May,29.05
August,29.04
August,29.04
June,29.03
August,29.02
July,29.02
June,29.02
July,29.0
July,29.0
May,29.0
June,28.99
August,28.98
August,28.98
August,28.97
August,28.97
August,28.96
August,28.96
August,28.96
June,28.94
July,28.93
July,28.93
July,28.93
May,28.93
August,28.91
August,28.91
August,28.91
August,28.9
August,28.9
June,28.89
July,28.88
July,28.87
July,28.86
August,28.85
June,28.85
June,28.85
June,28.85
June,28.83
June,28.83
May,28.83
August,28.82
May,28.81
May,28.81
May,28.81
May,28.81
July,28.8
August,28.79
May,28.79
July,28.78
July,28.76
July,28.76
June,28.76
June,28.75
July,28.73
June,28.72
August,28.7
July,28.69
July,28.69
July,28.68
June,28.66
June,28.66
May,28.64
May,28.64
July,28.63
June,28.63
June,28.62
July,28.61
July,28.61
August,28.6
June,28.6
August,28.59
August,28.59
August,28.58
June,28.57
July,28.56
July,28.56
June,28.56
June,28.56
August,28.55
August,28.55
July,28.55
May,28.55
May,28.55
August,28.54
August,28.54
May,28.54
August,28.53
August,28.53
August,28.53
August,28.53
July,28.53
June,28.52
August,28.51
August,28.5
August,28.49
July,28.48
July,28.48
June,28.47
July,28.46
August,28.45
July,28.45
July,28.45
July,28.45
July,28.45
May,28.44
July,28.43
June,28.43
July,28.42
August,28.41
August,28.41
May,28.4
May,28.4
August,28.39
August,28.39
June,28.39
July,28.38
July,28.38
July,28.37
May,28.36
May,28.36
May,28.36
July,28.35
July,28.35
August,28.34
July,28.34
June,28.34
May,28.33
August,28.32
August,28.32
August,28.32
August,28.31
May,28.31
August,28.3
July,28.3
July,28.3
July,28.3
July,28.3
July,28.3
July,28.27
May,28.27
May,28.27
August,28.25
August,28.25
May,28.24
August,28.22
August,28.22
May,28.21
July,28.2
August,28.19
July,28.18
July,28.18
June,28.18
May,28.18
May,28.18
May,28.18
August,28.17
August,28.17
August,28.17
August,28.17
August,28.17
July,28.16
May,28.16
May,28.16
August,28.15
August,28.15
July,28.12
June,28.12
June,28.11
June,28.11
August,28.09
July,28.09
August,28.08
July,28.08
June,28.08
June,28.08
June,28.08
July,28.07
July,28.07
July,28.07
August,28.06
July,28.06
June,28.06
June,28.04
June,28.04
July,28.03
July,28.03
May,28.03
July,28.02
July,28.01
May,28.01
May,28.01
August,28.0
May,28.0
July,27.99
July,27.99
July,27.99
July,27.98
July,27.98
June,27.98
June,27.97
August,27.96
May,27.96
May,27.95
May,27.95
July,27.93
July,27.93
May,27.93
August,27.92
July,27.92
May,27.91
May,27.91
August,27.9
August,27.9
May,27.9
July,27.89
June,27.89
May,27.89
May,27.89
July,27.88
July,27.87
June,27.87
July,27.86
June,27.85
June,27.85
July,27.84
August,27.83
August,27.83
June,27.83
May,27.83
May,27.83
June,27.82
May,27.82
May,27.82
July,27.8
June,27.8
May,27.8
July,27.79
July,27.78
July,27.78
June,27.78
May,27.78
August,27.77
June,27.77
June,27.77
August,27.75
August,27.75
June,27.75
May,27.73
June,27.71
June,27.71
June,27.71
June,27.71
May,27.71
August,27.7
May,27.7
May,27.68
August,27.67
August,27.66
July,27.66
July,27.66
August,27.65
August,27.65
July,27.65
July,27.65
July,27.65
May,27.65
August,27.64
July,27.64
July,27.64
May,27.63
May,27.63
July,27.62
May,27.62
August,27.6
June,27.6
May,27.6
August,27.59
August,27.59
July,27.59
June,27.58
June,27.58
August,27.57
May,27.56
August,27.55
June,27.54
June,27.54
August,27.53
July,27.53
June,27.52
August,27.51
July,27.51
July,27.51
August,27.49
July,27.49
June,27.49
June,27.49
June,27.48
August,27.47
August,27.46
July,27.44
May,27.44
August,27.41
August,27.41
June,27.41
May,27.41
July,27.4
July,27.39
May,27.39
May,27.39
May,27.39
July,27.38
June,27.38
May,27.38
August,27.37
August,27.36
August,27.36
May,27.36
May,27.35
May,27.35
August,27.34
July,27.34
May,27.34
August,27.33
May,27.33
June,27.32
August,27.31
August,27.31
August,27.31
May,27.31
July,27.3
July,27.3
July,27.29
July,27.29
June,27.29
July,27.28
June,27.28
May,27.28
July,27.26
July,27.26
July,27.26
May,27.26
June,27.25
May,27.25
May,27.25
August,27.23
June,27.23
June,27.23
June,27.23
May,27.23
May,27.23
August,27.22
May,27.22
August,27.2
August,27.2
June,27.2
June,27.2
July,27.19
July,27.19
July,27.18
July,27.18
August,27.17
August,27.16
July,27.16
July,27.16
July,27.16
June,27.16
July,27.15
May,27.14
August,27.13
August,27.13
July,27.13
May,27.13
May,27.13
June,27.12
June,27.12
July,27.11
May,27.09
August,27.08
May,27.07
July,27.06
July,27.05
August,27.04
August,27.04
May,27.04
August,27.03
June,27.03
August,27.0
June,27.0
June,26.99
July,26.97
July,26.96
June,26.96
June,26.96
June,26.95
June,26.95
May,26.95
June,26.94
June,26.94
June,26.94
August,26.93
August,26.93
July,26.93
May,26.93
May,26.93
July,26.92
July,26.91
July,26.91
August,26.9
June,26.9
June,26.9
May,26.9
June,26.89
August,26.87
July,26.87
July,26.87
June,26.87
May,26.87
August,26.86
June,26.86
July,26.84
June,26.84
June,26.84
June,26.84
June,26.83
May,26.83
August,26.82
August,26.82
July,26.82
July,26.82
May,26.82
August,26.81
May,26.81
May,26.81
July,26.79
May,26.79
May,26.79
May,26.79
May,26.78
July,26.77
June,26.77
June,26.77
June,26.77
May,26.77
August,26.75
July,26.75
May,26.75
July,26.74
August,26.73
May,26.73
August,26.72
June,26.72
July,26.7
June,26.69
June,26.68
August,26.67
August,26.67
August,26.66
August,26.66
August,26.66
July,26.66
July,26.66
June,26.66
June,26.65
June,26.65
June,26.61
June,26.6
August,26.59
June,26.59
June,26.59
May,26.59
July,26.58
June,26.58
June,26.58
June,26.58
June,26.58
May,26.58
May,26.58
June,26.57
May,26.57
August,26.56
June,26.56
June,26.56
June,26.56
May,26.56
July,26.55
July,26.55
August,26.54
June,26.54
May,26.54
May,26.54
August,26.53
August,26.53
May,26.53
May,26.53
July,26.52
June,26.52
June,26.52
July,26.51
May,26.51
August,26.5
May,26.5
July,26.49
May,26.49
August,26.48
July,26.47
August,26.46
May,26.46
August,26.45
July,26.45
July,26.42
May,26.42
May,26.42
May,26.42
July,26.39
July,26.39
July,26.39
July,26.39
July,26.39
June,26.38
August,26.37
August,26.37
June,26.36
July,26.35
August,26.33
June,26.33
August,26.31
August,26.31
August,26.31
July,26.3
May,26.3
May,26.3
July,26.28
July,26.28
June,26.28
June,26.28
August,26.27
June,26.27
June,26.27
May,26.27
May,26.26
May,26.26
July,26.24
August,26.23
August,26.23
June,26.21
June,26.21
June,26.21
July,26.2
July,26.2
June,26.2
June,26.19
May,26.19
May,26.19
August,26.18
August,26.18
July,26.18
August,26.17
July,26.17
July,26.17
July,26.17
June,26.17
June,26.17
May,26.16
July,26.15
July,26.15
May,26.15
May,26.15
May,26.15
May,26.15
July,26.14
July,26.14
May,26.14
May,26.14
May,26.14
May,26.14
May,26.13
August,26.12
June,26.12
July,26.1
May,26.1
August,26.09
August,26.09
August,26.08
August,26.08
August,26.08
June,26.08
August,26.07
August,26.07
June,26.06
June,26.06
May,26.06
May,26.05
May,26.05
May,26.05
July,26.03
July,26.02
July,26.02
August,26.01
August,26.01
August,26.0
May,26.0
August,25.99
May,25.99
May,25.98
August,25.94
June,25.94
August,25.93
July,25.93
May,25.93
May,25.92
May,25.92
May,25.92
May,25.91
May,25.91
July,25.9
July,25.9
June,25.89
June,25.88
August,25.87
July,25.87
July,25.87
June,25.87
August,25.85
May,25.84
July,25.83
June,25.82
June,25.8
June,25.78
June,25.78
August,25.77
June,25.77
May,25.77
May,25.77
August,25.76
May,25.75
July,25.73
July,25.73
May,25.73
July,25.72
May,25.72
May,25.72
May,25.72
August,25.71
July,25.71
July,25.71
May,25.7
July,25.69
July,25.67
May,25.66
August,25.65
August,25.65
June,25.65
June,25.65
June,25.65
July,25.64
July,25.64
August,25.63
May,25.63
June,25.62
June,25.62
July,25.61
August,25.59
July,25.59
May,25.58
May,25.58
May,25.58
July,25.57
August,25.56
May,25.56
July,25.54
May,25.54
May,25.54
May,25.54
June,25.53
August,25.52
July,25.52
July,25.52
July,25.52
June,25.51
May,25.51
July,25.5
June,25.5
May,25.5
August,25.49
May,25.49
August,25.48
July,25.48
July,25.48
June,25.47
May,25.47
July,25.46
May,25.46
August,25.44
June,25.44
June,25.44
May,25.44
August,25.43
July,25.43
May,25.43
May,25.43
May,25.42
July,25.41
July,25.41
July,25.41
July,25.41
June,25.41
May,25.41
May,25.41
May,25.41
July,25.4
July,25.39
June,25.38
June,25.38
May,25.38
June,25.36
June,25.36
July,25.35
July,25.34
June,25.34
May,25.34
July,25.33
May,25.33
May,25.33
June,25.32
May,25.31
July,25.3
August,25.29
August,25.29
July,25.28
May,25.28
July,25.27
June,25.27
May,25.27
May,25.27
June,25.26
June,25.26
July,25.25
July,25.25
July,25.25
May,25.25
May,25.25
August,25.24
July,25.23
July,25.23
May,25.23
August,25.22
August,25.21
July,25.21
July,25.21
July,25.21
July,25.21
June,25.21
July,25.19
August,25.18
August,25.17
August,25.17
July,25.17
May,25.17
August,25.16
August,25.16
June,25.15
May,25.15
May,25.13
July,25.12
July,25.12
July,25.11
May,25.11
July,25.09
June,25.09
July,25.08
May,25.08
June,25.07
May,25.07
July,25.05
June,25.05
June,25.05
June,25.05
June,25.05
July,25.04
August,25.02
July,25.02
August,25.01
August,25.01
May,25.01
May,24.99
August,24.98
August,24.98
July,24.96
July,24.94
June,24.94
August,24.93
August,24.93
June,24.93
May,24.93
May,24.93
May,24.93
May,24.93
May,24.92
May,24.92
May,24.92
May,24.91
July,24.9
May,24.9
May,24.9
August,24.89
August,24.89
July,24.89
May,24.89
May,24.89
June,24.88
August,24.87
May,24.87
May,24.87
May,24.87
June,24.86
May,24.86
August,24.85
August,24.85
July,24.85
July,24.85
June,24.85
July,24.84
July,24.84
May,24.81
June,24.8
June,24.8
August,24.78
June,24.78
May,24.78
August,24.76
August,24.76
August,24.76
July,24.76
July,24.76
July,24.76
July,24.76
June,24.76
June,24.76
July,24.75
June,24.75
July,24.74
June,24.74
June,24.74
May,24.71
May,24.71
June,24.7
May,24.7
May,24.7
May,24.7
May,24.7
July,24.69
May,24.69
May,24.69
August,24.68
June,24.68
June,24.68
June,24.67
June,24.67
August,24.66
July,24.66
August,24.65
August,24.65
June,24.65
May,24.64
July,24.62
August,24.61
May,24.58
May,24.58
June,24.56
May,24.56
August,24.55
July,24.55
July,24.55
June,24.55
June,24.55
July,24.54
August,24.53
May,24.53
August,24.52
July,24.52
July,24.52
July,24.52
August,24.51
July,24.51
July,24.5
July,24.5
June,24.5
August,24.49
August,24.48
August,24.48
August,24.48
July,24.48
June,24.48
August,24.47
May,24.47
July,24.46
August,24.45
August,24.44
June,24.44
June,24.44
August,24.43
June,24.43
May,24.43
August,24.42
August,24.42
June,24.41
June,24.41
May,24.4
May,24.4
July,24.39
May,24.39
June,24.36
May,24.36
August,24.35
July,24.35
July,24.35
June,24.35
June,24.35
June,24.35
May,24.35
August,24.34
August,24.32
June,24.32
August,24.31
August,24.31
July,24.31
August,24.3
August,24.3
July,24.3
May,24.29
July,24.28
June,24.28
June,24.27
May,24.26
August,24.25
July,24.23
May,24.23
May,24.23
August,24.22
May,24.22
May,24.21
May,24.21
August,24.2
July,24.19
June,24.17
June,24.17
August,24.16
June,24.15
August,24.14
June,24.13
May,24.13
August,24.12
May,24.1
August,24.09
July,24.09
August,24.08
May,24.08
July,24.07
June,24.07
May,24.06
July,24.05
June,24.05
June,24.05
August,24.04
August,24.04
May,24.04
May,24.04
May,24.04
July,24.03
August,24.02
August,24.02
May,24.02
May,24.01
May,24.01
May,24.0
August,23.99
August,23.99
July,23.97
June,23.95
June,23.95
June,23.95
May,23.95
May,23.95
August,23.93
August,23.93
August,23.93
June,23.93
June,23.93
August,23.92
May,23.92
June,23.91
May,23.91
June,23.9
August,23.89
August,23.89
August,23.88
August,23.88
June,23.88
July,23.87
July,23.87
June,23.86
May,23.86
May,23.86
July,23.85
June,23.85
May,23.85
May,23.85
August,23.84
June,23.84
June,23.84
July,23.83
July,23.83
June,23.81
June,23.81
June,23.81
May,23.81
August,23.8
July,23.8
May,23.8
May,23.8
May,23.8
May,23.8
July,23.79
May,23.79
August,23.78
August,23.78
May,23.78
May,23.78
June,23.77
June,23.77
August,23.76
August,23.76
August,23.76
June,23.76
June,23.76
June,23.76
June,23.76
July,23.75
July,23.75
May,23.75
May,23.74
May,23.73
July,23.72
May,23.72
June,23.71
July,23.7
July,23.7
July,23.69
August,23.68
August,23.68
June,23.68
May,23.68
June,23.67
August,23.64
August,23.64
August,23.64
August,23.64
August,23.64
July,23.64
August,23.63
August,23.63
June,23.63
May,23.63
May,23.63
May,23.62
August,23.61
June,23.61
August,23.6
May,23.6
May,23.57
July,23.56
June,23.56
July,23.55
August,23.54
August,23.53
August,23.53
July,23.52
July,23.52
July,23.52
July,23.52
June,23.51
June,23.51
May,23.5
July,23.49
June,23.49
July,23.47
August,23.46
August,23.45
August,23.45
July,23.45
July,23.45
June,23.45
July,23.44
August,23.43
June,23.42
June,23.41
July,23.4
May,23.4
July,23.39
July,23.39
June,23.39
June,23.39
August,23.38
July,23.37
July,23.37
July,23.37
May,23.37
August,23.36
July,23.36
June,23.36
June,23.34
August,23.33
July,23.32
July,23.32
May,23.32
July,23.31
July,23.31
July,23.31
July,23.3
June,23.3
May,23.3
June,23.29
June,23.29
May,23.29
May,23.29
August,23.26
August,23.26
May,23.26
June,23.25
August,23.24
August,23.24
June,23.24
August,23.23
July,23.23
August,23.22
July,23.22
May,23.22
August,23.21
July,23.19
June,23.19
June,23.19
June,23.19
June,23.19
June,23.17
June,23.17
June,23.17
June,23.17
June,23.16
June,23.16
June,23.16
May,23.16
May,23.16
August,23.15
June,23.14
May,23.14
July,23.13
May,23.13
May,23.12
July,23.07
May,23.07
May,23.07
August,23.06
August,23.06
August,23.05
June,23.05
June,23.04
July,23.03
August,23.02
July,23.02
July,23.02
July,23.02
July,23.02
May,23.01
July,23.0
May,22.99
August,22.98
June,22.98
August,22.97
June,22.97
July,22.96
August,22.95
July,22.95
June,22.95
June,22.95
August,22.94
August,22.94
June,22.94
May,22.94
August,22.92
August,22.91
July,22.91
May,22.91
May,22.9
May,22.9
May,22.89
May,22.89
May,22.89
June,22.88
May,22.88
May,22.88
May,22.88
June,22.85
July,22.83
June,22.83
August,22.82
August,22.82
August,22.82
August,22.82
July,22.82
August,22.81
July,22.81
June,22.81
July,22.8
July,22.8
August,22.79
June,22.79
May,22.78
May,22.78
August,22.77
August,22.77
June,22.77
June,22.76
June,22.75
June,22.74
May,22.74
August,22.73
August,22.72
August,22.72
May,22.72
August,22.71
June,22.71
August,22.69
June,22.69
May,22.69
August,22.68
August,22.68
August,22.68
August,22.68
July,22.68
June,22.68
August,22.67
August,22.65
June,22.65
May,22.65
August,22.63
June,22.63
July,22.62
June,22.62
June,22.62
May,22.62
May,22.62
August,22.6
July,22.6
August,22.59
July,22.59
May,22.57
May,22.57
May,22.57
May,22.57
June,22.56
May,22.56
May,22.56
August,22.55
June,22.55
May,22.55
August,22.54
August,22.54
August,22.52
August,22.52
August,22.52
August,22.52
July,22.52
July,22.52
July,22.5
July,22.49
July,22.49
May,22.48
July,22.47
June,22.47
June,22.47
August,22.46
August,22.46
August,22.46
July,22.46
June,22.46
August,22.45
August,22.45
August,22.45
June,22.45
August,22.44
July,22.44
June,22.42
July,22.4
May,22.4
May,22.39
June,22.38
May,22.38
May,22.38
May,22.38
May,22.38
June,22.36
June,22.35
June,22.33
June,22.33
June,22.33
July,22.32
July,22.32
July,22.32
May,22.32
July,22.31
June,22.3
May,22.3
May,22.3
August,22.29
May,22.29
June,22.28
August,22.26
July,22.26
August,22.25
August,22.25
May,22.24
June,22.23
May,22.23
May,22.23
May,22.23
June,22.22
May,22.21
May,22.21
August,22.2
August,22.19
July,22.19
July,22.19
August,22.18
July,22.18
August,22.17
August,22.17
July,22.15
June,22.14
May,22.14
July,22.12
June,22.11
May,22.1
May,22.1
May,22.1
August,22.08
June,22.08
May,22.07
August,22.05
July,22.05
July,22.05
June,22.05
May,22.05
July,22.04
July,22.04
August,22.03
June,22.03
May,22.03
May,22.03
August,22.02
August,22.02
August,22.02
August,22.02
July,22.02
May,22.02
May,22.01
August,22.0
June,22.0
June,21.99
June,21.99
June,21.98
July,21.97
July,21.97
July,21.97
July,21.97
June,21.97
June,21.97
July,21.96
June,21.96
May,21.96
May,21.95
May,21.94
May,21.94
August,21.93
August,21.93
August,21.93
June,21.93
May,21.93
May,21.93
July,21.92
August,21.91
May,21.91
May,21.89
August,21.88
June,21.88
June,21.88
June,21.88
May,21.88
May,21.88
June,21.87
June,21.87
May,21.87
August,21.86
July,21.85
June,21.85
August,21.84
August,21.84
May,21.84
August,21.82
July,21.82
July,21.81
June,21.81
August,21.8
August,21.8
August,21.8
June,21.8
May,21.8
May,21.8
May,21.8
August,21.79
August,21.78
August,21.77
June,21.76
August,21.75
July,21.75
June,21.75
July,21.73
July,21.73
June,21.73
May,21.73
August,21.72
August,21.72
August,21.72
June,21.71
July,21.7
June,21.7
May,21.7
May,21.7
May,21.7
May,21.7
May,21.7
August,21.69
August,21.69
June,21.69
June,21.69
June,21.69
May,21.69
July,21.68
July,21.68
May,21.68
May,21.68
May,21.66
May,21.66
May,21.66
May,21.65
July,21.63
June,21.63
May,21.63
August,21.62
May,21.62
May,21.62
July,21.61
August,21.59
August,21.59
August,21.58
August,21.58
August,21.58
June,21.58
May,21.58
May,21.58
June,21.57
June,21.57
June,21.57
August,21.56
August,21.56
July,21.56
July,21.55
July,21.55
July,21.55
June,21.55
May,21.55
August,21.54
August,21.54
July,21.54
May,21.54
May,21.54
May,21.54
August,21.53
July,21.53
July,21.53
July,21.53
June,21.53
June,21.53
May,21.53
May,21.53
August,21.51
July,21.51
July,21.5
June,21.5
June,21.5
June,21.5
June,21.5
May,21.5
May,21.49
May,21.49
May,21.49
August,21.47
July,21.45
July,21.45
May,21.45
August,21.44
July,21.44
July,21.44
June,21.44
August,21.43
August,21.43
July,21.43
July,21.43
May,21.43
August,21.42
July,21.42
May,21.41
July,21.4
June,21.37
June,21.36
June,21.36
August,21.35
August,21.35
June,21.35
July,21.34
August,21.32
May,21.32
May,21.32
May,21.32
July,21.31
August,21.3
July,21.3
May,21.28
July,21.27
July,21.27
July,21.27
July,21.27
May,21.27
May,21.26
July,21.25
July,21.23
July,21.22
July,21.22
July,21.22
July,21.22
July,21.22
August,21.21
August,21.21
June,21.21
June,21.21
August,21.2
June,21.2
May,21.2
July,21.19
August,21.18
August,21.18
May,21.18
June,21.17
August,21.15
July,21.15
July,21.15
June,21.15
July,21.14
July,21.14
July,21.14
August,21.13
June,21.13
July,21.11
July,21.11
May,21.11
June,21.1
May,21.1
June,21.09
August,21.08
August,21.08
July,21.08
July,21.08
May,21.08
May,21.08
August,21.07
May,21.07
May,21.07
July,21.06
June,21.06
May,21.06
August,21.05
July,21.05
June,21.05
May,21.05
August,21.04
August,21.04
July,21.04
June,21.04
June,21.04
June,21.04
August,21.03
August,21.03
August,21.03
June,21.03
June,21.03
June,21.03
May,21.02
August,21.0
August,21.0
July,21.0
July,21.0
July,21.0
July,21.0
August,20.99
May,20.99
July,20.98
June,20.98
August,20.96
July,20.96
August,20.93
August,20.93
July,20.93
July,20.93
July,20.93
July,20.93
May,20.93
August,20.92
May,20.92
August,20.91
May,20.91
August,20.89
August,20.89
August,20.89
May,20.89
August,20.88
May,20.88
May,20.88
July,20.87
July,20.87
May,20.87
July,20.86
July,20.86
July,20.86
June,20.86
June,20.85
June,20.84
June,20.84
May,20.84
August,20.82
July,20.82
July,20.82
May,20.82
June,20.81
August,20.8
June,20.8
June,20.8
May,20.8
August,20.79
June,20.79
May,20.79
May,20.78
June,20.77
May,20.77
May,20.77
June,20.75
June,20.74
June,20.74
May,20.73
August,20.71
July,20.7
May,20.7
August,20.69
August,20.69
August,20.69
July,20.69
June,20.69
May,20.69
August,20.68
August,20.68
July,20.66
July,20.66
July,20.66
June,20.66
May,20.66
August,20.65
July,20.65
July,20.63
July,20.63
August,20.62
August,20.62
July,20.62
July,20.62
May,20.62
May,20.62
May,20.62
May,20.61
May,20.61
June,20.6
July,20.59
July,20.59
May,20.59
May,20.59
July,20.58
May,20.58
August,20.57
May,20.57
June,20.56
July,20.55
July,20.55
July,20.53
July,20.53
June,20.53
August,20.52
May,20.52
May,20.52
August,20.51
August,20.51
August,20.5
August,20.5
August,20.5
July,20.5
July,20.49
June,20.49
May,20.49
May,20.49
June,20.48
May,20.48
May,20.48
June,20.47
May,20.47
July,20.46
May,20.45
June,20.44
May,20.42
May,20.42
June,20.41
July,20.4
July,20.4
June,20.39
June,20.39
August,20.38
May,20.38
May,20.37
June,20.36
May,20.36
May,20.36
August,20.35
June,20.35
May,20.35
May,20.35
August,20.34
June,20.34
May,20.34
May,20.34
August,20.32
June,20.32
June,20.32
August,20.29
August,20.29
August,20.29
August,20.29
June,20.29
August,20.28
August,20.28
May,20.28
August,20.27
August,20.27
June,20.27
May,20.27
June,20.26
June,20.26
July,20.25
July,20.25
August,20.24
June,20.23
June,20.23
July,20.22
May,20.21
July,20.2
May,20.2
July,20.19
July,20.19
July,20.19
June,20.19
August,20.18
May,20.16
May,20.16
August,20.14
August,20.14
June,20.14
May,20.14
May,20.13
July,20.12
June,20.12
June,20.12
June,20.12
June,20.12
May,20.1
July,20.09
May,20.08
May,20.07
May,20.07
May,20.07
August,20.06
August,20.06
June,20.06
June,20.06
June,20.04
June,20.04
August,20.02
August,20.02
August,20.02
May,20.02
May,20.01
May,20.01
May,20.01
Month,Temperature
